 Rate.db Rowid, Rate.rr Step, Rate.rr Next Step, Rate.rr Desc, Rate.rr Online Desc, Rate.rr Edition, Rate.rr Issue, Rate.rr Length, Rate.rr Len Type, Rate.rr Zone, Rate.rr Del Meth, Rate.rr Allow Pc, Rate.rr Pay Meth, Rate.rr Easypay Meth, Rate.rr Act Ind, Rate.rr Inact Date, Rate.rr Ssm Allow, Rate.rr Taxable, Rate.rr Kiosk, Rate.rr Visible, Rate.rr Econtent Allow, Rate.rr Promo Gl Account, Rate.rr Abc Zone, Rate.rr New Grace Pol, Rate.rr New Warn, Rate.rr New Cc, Rate.rr New Stop, Rate.rr New Bal Max, Rate.rr Renew Bal Max, Rate.rr Renew Grace Pol, Rate.rr Renew Warn, Rate.rr Renew Cc, Rate.rr Renew Stop, Rate.rr Arrears1, Rate.rr Arrears1 Days, Rate.rr Arrears2, Rate.rr Arrears2 Days, Rate.rr Arrears3, Rate.rr Arrears3 Days, Rate.rr Renew1, Rate.rr Renew1 Days, Rate.rr Renew2, Rate.rr Renew2 Days, Rate.rr Renew3, Rate.rr Renew3 Days, Rate.rr Alt Issue, Rate.rr Alt Del Meth, Rate.rr Alt Abc Zone, Rate.rr Sun Rev Account, Rate.rr Mon Rev Account, Rate.rr Tue Rev Account, Rate.rr Wed Rev Account, Rate.rr Thu Rev Account, Rate.rr Fri Rev Account, Rate.rr Sat Rev Account, Sub Rate Id, Effective Date, Deliv Exp, Net, Full Rate, Sun Net, Mon Net, Tue Net, Wed Net, Thu Net, Fri Net, Sat Net, Act Fee
101,0,0,1 Year Subscription,THE JOURNAL 1 YEAR,TJ,5D,1,Y,CD01,C,Y,P,N,N,,N,N,N,N,N,20,0,S,1,0,7,0,0,S,1,0,7,Y,3,N,14,N,28,Y,41,Y,21,Y,7,,N,0,,,,,,,,101,1/1/10,0,109,109,0,0,0.419231,0.419231,0.419231,0.419231,0.419231,0
102,1,412,SPECIAL-CD03,THE JOURNAL 1 YEAR,TJ,5D,1,Y,CD02,C,Y,P,N,N,8/7/25,N,N,N,N,N,20,0,S,1,0,7,0,0,S,1,0,7,Y,1,N,14,N,28,Y,41,Y,10,Y,0,,N,0,,,,,,,,102,1/1/10,0,99,99,0,0,0.380769,0.380769,0.380769,0.380769,0.380769,0
103,1,102,SPECIAL-CD03,THE JOURNAL 1 YEAR,TJ,5D,1,Y,CD03,C,Y,P,N,N,8/7/25,N,N,N,Y,N,20,0,S,1,0,7,0,0,S,1,0,7,Y,1,N,14,N,28,Y,41,Y,10,Y,0,,N,0,,,,,,,,103,1/1/10,0,89,89,0,0,0.342308,0.342308,0.342308,0.342308,0.342308,0
104,1,103,SPECIAL-CD04,THE JOURNAL 1 YEAR,TJ,5D,1,Y,CD04,C,Y,P,N,N,8/7/25,N,N,N,Y,N,20,0,S,1,0,7,0,0,S,1,0,7,Y,1,N,14,N,28,Y,41,Y,10,Y,0,,N,0,,,,,,,,104,1/1/10,0,78,78,0,0,0.3,0.3,0.3,0.3,0.3,0
105,1,104,SPECIAL-CD05,THE JOURNAL 1 YEAR,TJ,5D,1,Y,CD05,C,Y,P,N,N,8/7/25,N,N,N,Y,N,20,0,S,1,0,7,0,0,S,1,0,7,Y,1,N,14,N,28,Y,41,Y,10,Y,0,,N,0,,,,,,,,105,1/1/10,0,65,65,0,0,0.25,0.25,0.25,0.25,0.25,0
106,0,0,SPECIAL-CD06,SPECIAL-CD06,TJ,5D,1,Y,CD06,C,Y,P,N,N,7/31/18,N,N,N,Y,N,20,0,S,1,0,7,0,0,S,1,0,7,Y,1,N,14,N,28,Y,41,Y,10,Y,0,,N,0,,,,,,,,106,1/1/10,0,55,55,0,0,0.211538,0.211538,0.211538,0.211538,0.211538,0
107,0,0,6-Month Subscription,THE JOURNAL 6 MONTH,TJ,5D,6,M,CD01,C,Y,P,N,N,,N,N,N,Y,N,20,0,S,1,0,7,0,0,S,1,0,7,Y,1,N,14,N,28,Y,41,Y,10,Y,0,,N,0,,,,,,,,107,1/1/10,0,57.75,57.75,0,0,0.444231,0.444231,0.444231,0.444231,0.444231,0
108,0,0,6 MO ONLINE,6 MO ONLINE,TJ,5D,6,M,CD08,I,Y,P,N,N,12/4/15,N,N,N,Y,N,20,0,S,1,0,7,0,0,S,1,0,7,Y,1,N,14,N,28,Y,41,Y,10,Y,0,,N,0,,,,,,,,108,1/1/10,0,52.5,52.5,0,0,0.403846,0.403846,0.403846,0.403846,0.403846,0
109,0,0,3-Month Subscription,THE JOURNAL 3 MONTH,TJ,5D,3,M,CD01,C,Y,P,N,N,8/7/25,N,N,N,Y,N,20,0,S,1,0,7,0,0,S,1,0,7,Y,1,N,14,N,28,Y,41,Y,10,Y,0,,N,0,,,,,,,,109,1/1/10,0,35.75,35.75,0,0,0.55,0.55,0.55,0.55,0.55,0
110,0,0,3 MO CARRIER DEL,THE JOURNAL 3 MONTH,TJ,5D,3,M,CD10,C,Y,P,N,N,8/7/25,N,N,N,Y,N,20,0,S,1,0,7,0,0,S,1,0,7,Y,1,N,14,N,28,Y,41,Y,10,Y,0,,N,0,,,,,,,,110,1/1/10,0,32.5,32.5,0,0,0.5,0.5,0.5,0.5,0.5,0
111,0,0,3 MO CARRIER,THE JOURNAL 3 MONTH,TJ,5D,3,M,CD11,C,Y,P,N,N,8/7/25,N,N,N,Y,N,20,0,S,1,0,7,0,0,S,1,0,7,Y,1,N,14,N,28,Y,41,Y,10,Y,0,,N,0,,,,,,,,111,1/1/10,0,28.5,28.5,0,0,0.438462,0.438462,0.438462,0.438462,0.438462,0
112,0,0,3 MO ONLINE-CD12,THE JOURNAL 3 MONTH,TJ,5D,3,M,CD12,C,Y,P,N,N,8/7/25,N,N,N,Y,N,20,0,S,1,0,7,0,0,S,1,0,7,Y,1,N,14,N,28,Y,41,Y,10,Y,0,,N,0,,,,,,,,112,1/1/10,0,25,25,0,0,0.384615,0.384615,0.384615,0.384615,0.384615,0
113,0,0,1-Month Subscription,THE JOURNAL 1 MONTH,TJ,5D,1,M,CD13,C,Y,P,E,N,8/7/25,N,N,N,Y,N,20,0,S,1,0,7,0,0,S,1,0,7,Y,1,N,14,N,28,Y,41,Y,10,Y,0,,N,0,,,,,,,,113,1/1/10,0,14.99,14.99,0,0,0.681364,0.681364,0.681364,0.681364,0.681364,0
114,0,0,EZPAY Subscription,THE JOURNAL 1 MONTH AUTO RENEW,TJ,5D,1,M,CD14,C,Y,P,E,N,,N,N,N,Y,N,20,0,S,1,0,7,15,15,S,1,0,7,N,1,N,14,N,28,N,41,N,10,N,0,,N,0,,,,,,,,114,1/1/10,0,9.1,9.1,0,0,0.413636,0.413636,0.413636,0.413636,0.413636,0
115,0,0,PAYPAL CARRIER DELIVERED,THE JOURNAL 1 MONTH,TJ,WA,1,M,CD15,C,Y,P,N,Y,,N,N,N,Y,N,20,0,S,1,0,7,0,0,S,1,0,7,Y,1,N,14,N,28,Y,41,Y,10,Y,0,THF,I,42,,,,,,,,115,1/1/10,0,8.25,8.25,0,0,0.375,0.375,0.375,0.375,0.375,0
116,0,0,PAYPAL CARRIER DELIVERED,THE JOURNAL 1 MONTH,TJ,5D,1,M,CD16,C,Y,P,N,N,7/28/25,N,N,N,Y,N,20,0,S,1,0,7,0,0,S,1,0,7,Y,1,N,14,N,28,Y,41,Y,10,Y,0,,N,0,,,,,,,,116,1/1/10,0,7.42,7.42,0,0,0.337273,0.337273,0.337273,0.337273,0.337273,0
117,0,0,EMPLOYEE 3MO,EMPLOYEE 3MO,TJ,5D,3,M,EP01,C,Y,P,N,N,10/20/15,N,N,N,Y,N,20,0,S,1,0,7,0,0,S,1,0,7,Y,1,N,14,N,28,Y,41,Y,10,Y,0,,N,0,,,,,,,,117,1/1/10,0,52.5,52.5,0,0,0.807692,0.807692,0.807692,0.807692,0.807692,0
118,0,0,EMPLOYEE 6 MO,EMPLOYEE 6 MO,TJ,5D,6,M,EP02,C,Y,P,N,N,10/20/15,N,N,N,Y,N,20,0,S,1,0,7,0,0,S,1,0,7,Y,1,N,14,N,28,Y,41,Y,10,Y,0,,N,0,,,,,,,,118,1/1/10,0,28.87,28.87,0,0,0.222077,0.222077,0.222077,0.222077,0.222077,0
119,0,0,EMPLOYEE 1 YR,THE JOURNAL 1 YEAR,TJ,5D,1,Y,EP03,C,Y,P,N,N,8/7/25,N,N,N,Y,N,20,0,S,1,0,7,0,0,S,1,0,7,Y,1,N,14,N,28,Y,41,Y,10,Y,0,,N,0,,,,,,,,119,1/1/10,0,54.5,54.5,0,0,0.209615,0.209615,0.209615,0.209615,0.209615,0
121,0,0,MAIL . IN COUNTY,THE JOURNAL 3 MONTH,TJ,5D,3,M,PO01,M,Y,P,N,N,8/7/25,N,N,N,Y,Y,20,0,S,0,0,0,0,0,S,0,0,0,Y,1,N,14,N,28,Y,41,Y,10,Y,0,,N,0,,,,,,,,121,1/1/10,0,41,41,0,0,0.630769,0.630769,0.630769,0.630769,0.630769,0
122,0,0,MAIL . OUT COUNTY,THE JOURNAL 3 MONTH,TJ,5D,3,M,PO02,M,Y,P,N,N,7/28/25,N,N,N,Y,Y,20,0,S,1,0,0,0,0,S,1,0,0,Y,1,N,14,N,28,Y,41,Y,10,Y,0,,N,0,,,,,,,,122,1/1/10,0,41,41,0,0,0.630769,0.630769,0.630769,0.630769,0.630769,0
123,0,0,MAIL . IN COUNTY,THE JOURNAL 6 MONTH,TJ,5D,6,M,PO01,M,Y,P,N,N,8/7/25,N,N,N,Y,Y,20,0,S,1,0,0,0,0,S,1,0,0,Y,1,N,14,N,28,Y,41,Y,10,Y,0,,N,0,,,,,,,,123,1/1/10,0,80.6,80.6,0,0,0.62,0.62,0.62,0.62,0.62,0
124,0,0,MAIL . OUT COUNTY,THE JOURNAL 6 MONTH,TJ,5D,6,M,CD01,M,Y,P,N,N,8/7/25,N,N,N,Y,Y,20,0,S,1,0,0,0,0,S,1,0,0,Y,1,N,14,N,28,Y,41,Y,10,Y,0,,N,0,,,,,,,,124,1/1/10,0,80.6,80.6,0,0,0.62,0.62,0.62,0.62,0.62,0
125,0,0,MAIL . IN COUNTY,THE JOURNAL 1 YEAR,TJ,5D,1,Y,PO01,M,Y,P,N,N,8/7/25,N,N,N,Y,Y,20,0,S,1,0,0,0,0,S,1,0,0,Y,1,N,14,N,28,Y,41,Y,10,Y,0,,N,0,,,,,,,,125,1/1/10,0,152.35,152.35,0,0,0.585962,0.585962,0.585962,0.585962,0.585962,0
126,0,0,MAIL . OUT COUNTY,THE JOURNAL 1 YEAR,TJ,5D,1,Y,PO06,M,Y,P,N,N,8/7/25,N,N,N,Y,Y,20,0,S,1,0,0,0,0,S,1,0,0,Y,1,N,14,N,28,Y,41,Y,10,Y,0,,N,0,,,,,,,,126,1/1/10,0,152.35,152.35,0,0,0.585962,0.585962,0.585962,0.585962,0.585962,0
127,0,0,CARRIER COLLECT,CARRIER COLLECT,TJ,5D,1,W,CC,C,Y,CA,N,N,10/20/15,N,N,N,N,N,,0,S,0,0,7,0,0,S,0,0,7,Y,3,Y,10,Y,17,Y,20,Y,13,Y,6,,N,0,,,,,,,,127,1/1/00,0,0,0,0,0,0,0,0,0,0,0
128,0,0,1 YR COMPLIMENTARY   - ADVERTISERS - CARRIER DELIVERED,THE JOURNAL 1 YEAR,TJ,5D,1,Y,COMP,C,Y,CO,N,Y,,N,N,N,Y,N,60,0,S,0,0,7,0,0,S,0,0,7,N,0,N,0,N,0,N,0,N,0,N,0,,N,0,,,,,,,,128,1/1/00,0,0,0,0,0,0,0,0,0,0,0
129,0,0,1 YR COMPLIMENTARY - MAIL DELIVERED,THE JOURNAL 1 YEAR,TJ,5D,1,Y,COMP,M,Y,CO,N,Y,,N,N,N,Y,Y,60,0,S,0,0,0,0,0,S,0,0,0,N,0,N,0,N,0,N,0,N,0,N,0,,N,0,,,,,,,,129,1/1/00,0,0,0,0,0,0,0,0,0,0,0
130,0,0,1 MO INTERNET ONLY,THE JOURNAL 1 MONTH,TJ,5D,1,M,OL01,I,Y,P,E,N,8/7/25,N,N,N,Y,N,60,42,S,0,0,7,0,0,S,0,0,7,Y,3,Y,10,Y,17,Y,20,Y,13,Y,6,,N,0,,,,,,,,130,1/1/00,0,14.99,14.99,0,0,0.68136,0.68136,0.68136,0.68136,0.68136,0
133,1,101,2 Months Free,THE JOURNAL 2 MONTH,TJ,5D,2,M,COMP,C,Y,CO,N,Y,,N,Y,N,Y,N,,20,S,0,0,0,0,0,S,0,0,0,N,3,N,10,N,17,N,20,N,13,N,6,,N,0,,,,,,,,131,9/1/13,0,0,0,0,0,0,0,0,0,0,0
134,0,0,PAYPAL INTERNET,THE JOURNAL 1 MONTH,TJ,5D,1,M,PPIN,I,Y,P,N,Y,,N,N,N,Y,N,20,0,S,0,0,7,0,0,S,0,0,7,Y,3,Y,10,Y,17,Y,20,Y,13,Y,6,,N,0,,,,,,,,132,1/1/00,0,8.25,8.25,0,0,0.375,0.375,0.375,0.375,0.375,0
135,0,0,3 MO INTERNET,THE JOURNAL 3 MONTH,TJ,5D,3,M,PPIN,I,Y,P,N,N,8/7/25,N,N,N,Y,N,20,0,S,0,0,7,0,0,S,0,0,7,Y,3,Y,10,Y,17,Y,20,Y,13,Y,6,,N,0,,,,,,,,133,1/1/00,0,28.5,28.5,0,0,0.43846,0.43846,0.43846,0.43846,0.43846,0
136,0,0,EZ Pay Monthly Online Only,THE JOURNAL 1 MONTH AUTO RENEW,TJ,5D,1,M,EZIN,I,Y,P,E,Y,,N,N,N,Y,N,20,0,S,0,0,7,0,0,S,0,0,7,N,3,N,10,N,17,N,20,N,13,N,6,,N,0,,,,,,,,134,1/1/00,0,9.1,9.1,0,0,0.41363,0.41363,0.41363,0.41363,0.41363,0
137,0,0,3 MO INTERNET,3 MO INTERNET,TJ,5D,3,M,3MIN,I,Y,P,N,N,,N,N,N,Y,N,20,0,S,0,0,7,0,0,S,0,0,7,Y,3,Y,10,Y,17,Y,20,Y,13,Y,6,,N,0,,,,,,,,135,1/1/00,0,32.5,32.5,0,0,0.5,0.5,0.5,0.5,0.5,0
138,0,0,PAYPAL INTERNET,PAYPAL INTERNET,TJ,5D,1,M,PPOL,I,Y,P,N,N,10/20/15,N,N,N,N,N,20,0,S,0,0,7,0,0,S,0,0,7,Y,3,Y,10,Y,17,Y,20,Y,13,Y,6,,N,0,,,,,,,,136,1/1/00,0,7.42,7.42,0,0,0.33727,0.33727,0.33727,0.33727,0.33727,0
139,0,0,3 MO INTERNET OLD,THE JOURNAL 3 MONTH,TJ,5D,3,M,3INO,I,Y,P,N,N,8/7/25,N,N,N,Y,N,20,0,S,0,0,7,0,0,S,0,0,7,Y,3,Y,10,Y,17,Y,20,Y,13,Y,6,,N,0,,,,,,,,137,1/1/00,0,25,25,0,0,0.38461,0.38461,0.38461,0.38461,0.38461,0
140,0,0,6 MO INTERNET,THE JOURNAL 6 MONTH,TJ,5D,6,M,6MIN,I,Y,P,N,N,8/7/25,N,N,N,Y,Y,20,0,S,0,0,7,0,0,S,0,0,7,Y,3,Y,10,Y,17,Y,20,Y,13,Y,6,,N,0,,,,,,,,138,1/1/00,0,57.75,57.75,0,0,0.44423,0.44423,0.44423,0.44423,0.44423,0
141,0,0,1 Year Online Only,THE JOURNAL 1 YEAR,TJ,5D,1,Y,1YON,I,Y,P,N,Y,,N,N,N,Y,N,20,0,S,0,0,7,0,0,S,0,0,7,Y,3,Y,10,Y,17,Y,20,Y,13,Y,6,,N,0,,,,,,,,139,1/1/00,0,109,109,0,0,0.41923,0.41923,0.41923,0.41923,0.41923,0
132,0,131,2 MO COMPLIMENTARY,THE JOURNAL 2 MONTH,TJ,5D,2,M,CD31,C,Y,CO,N,Y,4/8/16,N,Y,N,Y,N,,0,S,5,0,7,0,0,S,0,0,7,Y,3,Y,10,Y,17,Y,20,Y,13,Y,6,,N,0,,,,,,,,140,1/1/00,0,18.2,18.2,0,0,0.414,0.414,0.414,0.414,0.414,0
142,1,144,ULL 1 YR,UPSTATE LAKE LIVING 1 YEAR,ULL,MF,1,Y,ULL1,M,Y,P,N,N,12/24/24,N,N,N,N,N,20,20,S,0,0,10,0,0,S,0,0,10,Y,3,Y,10,Y,17,Y,20,Y,13,Y,6,,N,0,,,,,,,,141,1/1/13,0,15,15,0,3.75,3.75,3.75,3.75,3.75,0,0
143,1,144,ULL OLD,UPSTATE LAKE LIVING 1 YEAR,ULL,MF,1,Y,ULOL,M,Y,P,N,N,12/24/24,N,N,N,N,N,20,20,S,0,0,10,0,0,S,0,0,10,Y,3,Y,10,Y,17,Y,20,Y,13,Y,6,,N,0,,,,,,,,142,1/1/13,0,10,10,0,2.5,2.5,2.5,2.5,2.5,0,0
144,0,0,ULL NEW,UPSTATE LAKE LIVING 1 YEAR,ULL,MF,1,Y,ULL3,M,Y,P,N,N,12/24/24,N,N,N,N,N,20,24,S,0,0,10,0,0,S,0,0,10,Y,3,Y,10,Y,17,Y,20,Y,13,Y,6,,N,0,,,,,,,,143,5/1/15,0,20,20,0,4,4,4,4,4,0,0
145,0,0,30-Day Free Trial,THE JOURNAL 4 WEEK,TJ,5D,4,W,CD01,C,Y,CO,N,N,,N,Y,N,Y,N,,0,S,5,0,0,0,0,S,0,0,0,N,0,N,0,N,0,N,0,Y,12,Y,6,,N,0,,,,,,,,144,8/5/15,0,0,0,0,0,0,0,0,0,0,0
147,0,0,ONE Week PURCHASE,ONE Week PURCHASE,TJ,5D,1,W,SDPH,I,Y,P,C,Y,,Y,N,N,N,N,20,42,S,0,0,0,0,0,S,0,0,0,N,3,N,10,N,17,N,20,N,13,N,6,,N,0,,,,,,,,145,1/1/00,0,1.49,1.49,0,0,1.49,1.49,1.49,1.49,1.49,0
151,0,0,6-Month Online Only,THE JOURNAL 6 MONTH,TJ,5D,6,M,CD01,I,Y,P,N,N,,N,N,N,Y,N,20,0,S,0,0,7,0,0,S,0,0,7,Y,1,Y,14,Y,28,Y,41,Y,10,Y,0,,N,0,,,,,,,,151,12/4/15,0,57.75,57.75,0,0,0.444231,0.444231,0.444231,0.444231,0.444231,0
149,0,0,3-Month Online Only,THE JOURNAL 3 MONTH,TJ,5D,3,M,CD01,I,Y,P,N,N,,N,Y,N,Y,N,20,0,S,0,0,7,0,0,S,0,0,7,Y,1,Y,14,Y,28,Y,41,Y,10,Y,0,,N,0,,,,,,,,149,12/3/15,0,35.75,35.75,0,0,0.55,0.55,0.55,0.55,0.55,0
150,0,0,1-Month Online Only,THE JOURNAL 1 MONTH,TJ,5D,1,M,CD01,I,Y,P,E,N,,N,Y,N,Y,N,20,0,S,0,0,7,0,0,S,0,0,7,Y,1,Y,14,Y,28,Y,41,Y,10,Y,0,,N,0,,,,,,,,150,12/4/15,0,14.99,14.99,0,0,0.68136,0.68136,0.68136,0.68136,0.68136,0
152,0,0,Online Compimentary 1yr,THE JOURNAL 1 YEAR,TJ,5D,1,Y,COMP,I,Y,CO,N,Y,,N,N,N,Y,N,60,0,S,0,0,7,0,0,S,0,0,7,Y,3,Y,10,Y,17,Y,20,Y,13,Y,6,,N,0,,,,,,,,152,2/5/16,0,0,0,0,0,0,0,0,0,0,0
153,1,101,Pay it Forward Promo,Pay it Forward Promo,TJ,5D,1,Y,PM01,C,Y,P,N,N,3/31/16,N,N,N,Y,N,59,20,S,0,0,7,0,0,S,0,0,7,Y,3,Y,10,Y,17,Y,20,Y,13,Y,6,,N,0,,,,,,,,153,2/17/16,0,89,89,0,0,0.3423,0.3423,0.3423,0.3423,0.3423,0
154,0,0,Weekly Subscription Rate,THE JOURNAL 1 WEEK AUTO RENEW,TJ,5D,1,W,CD01,C,Y,P,B,N,,N,Y,N,Y,N,20,0,S,0,0,0,0,0,S,0,0,0,N,0,N,0,N,17,Y,3,Y,1,Y,0,,N,0,,,,,,,,154,8/9/16,0,2.49,2.49,0,0,0.498,0.498,0.498,0.498,0.498,0
634,0,0,1M Keowee Key Home Delivery with Digital Accses,NOT FOR PUBLIC,TJ,5D,1,M,KK5DAY,M,Y,P,E,N,,N,Y,N,Y,N,20,0,S,0,0,7,0,0,S,0,0,7,Y,3,Y,10,Y,17,Y,20,Y,13,Y,6,THF,I,42,,,,,,,,834,1/1/25,0,15.99,15.99,0,0,0.735172,0.735172,0.735172,0.735172,0.735172,0
636,0,0,2025 Price Inc Fallback Rate $13.99,NOT FOR PUBLIC,TJ,WA,1,M,FB1M1399,M,Y,P,E,Y,,N,Y,N,Y,N,,0,S,0,0,14,0,0,S,0,0,14,Y,3,Y,10,Y,17,Y,20,Y,13,Y,6,THF,I,42,,,,,,,,893,12/23/24,0,13.99,13.99,0,0,0.643218,0.643218,0.643218,0.643218,0.643218,0
637,0,0,2025 Price Inc Fallback Rate $12.99,NOT FOR PUBLIC,TJ,WA,1,M,FB1M1299,M,Y,P,E,Y,,N,Y,N,Y,N,,0,S,0,0,14,0,0,S,0,0,14,Y,3,Y,10,Y,17,Y,20,Y,13,Y,6,THF,I,42,,,,,,,,894,12/23/24,0,12.99,12.99,0,0,0.597241,0.597241,0.597241,0.597241,0.597241,0
693,0,0,WED AND SAT EDITIONS ONLY,NOT FOR PUBLIC - 1M 2 DAY MAIL,TJ,WA,1,M,PRNTONLY,M,Y,P,E,Y,,N,Y,Y,Y,N,,0,S,0,0,14,0,0,S,0,0,14,Y,3,Y,10,Y,17,Y,20,Y,13,Y,6,THF,I,42,,,,,,,,895,12/23/24,0,11.99,11.99,0,0,0.551264,0.551264,0.551264,0.551264,0.551264,0
638,0,0,2025 Price Inc Fallback Rate 109.99,NOT FOR PUBLIC,TJ,WA,6,M,FB6M109,M,Y,P,N,Y,,N,Y,N,Y,N,,0,S,0,0,7,0,0,S,0,0,7,Y,3,Y,10,Y,17,Y,20,Y,13,Y,6,THF,I,42,,,,,,,,838,1/1/25,0,109.99,109.99,0,0,0.842835,0.842835,0.842835,0.842835,0.842835,0
639,0,0,6M Keowee Key Home Delivery with Digital Accses,NOT FOR PUBLIC,TJ,5D,6,M,KK5DAY,M,Y,P,N,N,,N,Y,N,Y,N,20,0,S,0,0,7,0,0,S,0,0,7,N,,N,0,N,,Y,21,Y,10,N,0,THF,I,42,,,,,,,,839,1/1/25,0,89.99,89.99,0,0,0.689879,0.689579,0.689579,0.689579,0.689579,0
640,0,0,2025 Price Inc Fallback Rate $99.99,NOT FOR PUBLIC,TJ,WA,6,M,FB6M99,M,Y,P,N,Y,,N,Y,N,Y,N,,0,S,0,0,7,0,0,S,0,0,7,Y,3,Y,10,Y,17,Y,20,Y,13,Y,6,THF,I,42,,,,,,,,840,1/1/25,0,99.99,99.99,0,0,0.766207,0.766207,0.766207,0.766207,0.766207,0
685,0,0,1 year mail print and digital,THE JOURNAL 12 MONTH,TJ,WA,12,M,MAIL99,M,Y,P,N,Y,,N,N,N,Y,Y,,0,S,0,0,20,0,0,S,0,0,7,Y,3,Y,10,Y,17,Y,20,Y,13,Y,6,THF,I,42,,,,,,,,885,1/1/25,0,249.99,249.99,0,0,0.957816,0.957816,0.957816,0.957816,0.957816,0
688,0,0,MAIL . IN COUNTY,THE JOURNAL 1 YEAR,TJ,WA,1,Y,PO01,M,Y,P,N,Y,,N,N,N,Y,Y,20,0,S,1,0,0,0,0,S,1,0,0,Y,1,N,14,N,28,Y,41,Y,10,Y,0,THF,I,42,,,,,,,,888,1/1/25,0,229.99,229.99,0,0,0.881188,0.881188,0.881188,0.881188,0.881188,0
686,0,0,MAIL . IN COUNTY,THE JOURNAL 3 MONTH,TJ,WA,3,M,PO01,M,Y,P,N,Y,,N,N,N,Y,Y,20,0,S,0,0,0,0,0,S,0,0,0,Y,1,N,14,N,28,Y,41,Y,10,Y,0,THF,I,42,,,,,,,,886,1/1/25,0,41,41,0,0,0.630769,0.630769,0.630769,0.630769,0.630769,0
687,0,0,MAIL . IN COUNTY,THE JOURNAL 6 MONTH,TJ,WA,6,M,PO01,M,Y,P,N,Y,,N,N,N,Y,Y,20,0,S,1,0,0,0,0,S,1,0,0,Y,1,N,14,N,28,Y,41,Y,10,Y,0,THF,I,42,,,,,,,,887,1/1/25,0,229.99,229.99,0,0,1.762375,1.762375,1.762375,1.762375,1.762375,0
689,0,0,MAIL . OUT COUNTY,THE JOURNAL 3 MONTH,TJ,WA,3,M,PO02,M,Y,P,N,Y,,N,N,N,Y,Y,20,0,S,1,0,0,0,0,S,1,0,0,Y,1,N,14,N,28,Y,41,Y,10,Y,0,THF,I,42,,,,,,,,889,1/1/25,0,59.99,59.99,0,0,0.919387,0.919387,0.919387,0.919387,0.919387,0
690,0,0,MAIL . OUT COUNTY,THE JOURNAL 1 YEAR,TJ,WA,1,Y,PO06,M,Y,P,N,Y,,N,N,N,Y,Y,20,0,S,1,0,0,0,0,S,1,0,0,Y,1,N,14,N,28,Y,41,Y,10,Y,0,THF,I,42,,,,,,,,890,1/1/25,0,229.99,229.99,0,0,0.881188,0.881188,0.881188,0.881188,0.881188,0
644,0,0,5 DAYS OF DIGITAL WITH 2 DAYS IN MAIL,THE JOURNAL 12 MONTH,TJ,WA,12,M,MAILDG,M,Y,P,N,Y,,Y,N,N,Y,N,20,0,S,0,0,7,0,0,S,0,0,7,N,0,N,0,N,0,Y,30,Y,10,N,0,THF,I,42,,,,,,,,844,1/1/25,0,169.99,169.99,0,0,0.651,0.651,0.651,0.651,0.651,0
641,0,0,5 DAYS OF DIGITAL WITH 2 DAYS IN MAIL,THE JOURNAL 1 MONTH AUTO RENEW,TJ,WA,1,M,MAILDG,M,Y,P,E,Y,,Y,N,N,Y,Y,20,0,S,0,0,7,0,0,S,0,0,14,Y,3,Y,10,Y,17,Y,20,Y,13,Y,6,THF,I,42,,,,,,,,841,1/1/25,0,15.99,15.99,0,0,0.73517,0.73517,0.73517,0.73517,0.73517,0
645,1,644,$99 Print & HD for a year,The Journal 1 Year,TJ,WA,1,Y,RN0099,M,Y,P,N,Y,,N,Y,Y,Y,N,20,0,S,0,0,7,0,0,S,0,0,7,Y,3,Y,10,Y,17,Y,20,Y,13,Y,6,THF,I,42,,,,,,,,845,1/1/25,0,99,99,0,0,0.3807,0.3807,0.3807,0.3807,0.3807,0
642,0,0,5 DAYS OF DIGITAL WITH 2 DAYS IN MAIL,THE JOURNAL 3 MONTH,TJ,WA,3,M,MAILDG,M,Y,P,N,Y,,Y,N,N,Y,Y,20,0,S,0,0,7,0,0,S,0,0,7,N,0,N,0,N,0,Y,16,Y,8,N,0,THF,I,42,,,,,,,,842,1/1/25,0,59.99,59.99,0,0,0.91939,0.91939,0.91939,0.91939,0.91939,0
643,0,0,5 DAYS OF DIGITAL WITH 2 DAYS IN MAIL,THE JOURNAL 6 MONTH,TJ,WA,6,M,MAILDG,M,Y,P,N,Y,,Y,N,N,Y,Y,20,0,S,0,0,7,0,0,S,0,0,7,N,0,N,0,N,0,Y,21,Y,10,N,0,THF,I,42,,,,,,,,843,1/1/25,0,89.99,89.99,0,0,0.68957,0.68957,0.68957,0.68957,0.68957,0
604,0,0,2 Week Home Delivery Tues-Sat.,THE JOURNAL 2 WEEK,TJ,WA,2,W,SAMP99,M,Y,CO,N,Y,,N,N,N,Y,Y,20,0,S,0,0,1,0,0,S,0,0,2,N,3,N,10,N,17,N,20,N,13,N,6,THF,I,42,,,,,,,,804,1/1/25,0,0,0,0,0,0,0,0,0,0,0
607,0,0,6-Month Subscription,THE JOURNAL 6 MONTH,TJ,WA,6,M,CD01,M,Y,P,N,N,,N,N,N,N,N,20,0,S,1,0,7,0,0,S,1,0,7,Y,1,N,14,N,28,Y,41,Y,10,Y,0,THF,I,42,,,,,,,,807,1/1/25,0,84.99,84.99,0,0,0.651264,0.651264,0.651264,0.651264,0.651264,0
682,0,0,1 YR COMPLIMENTARY - MAIL DELIVERED,THE JOURNAL 1 YEAR,TJ,WA,1,Y,COMP,M,Y,CO,N,Y,,N,N,N,Y,Y,60,0,S,0,0,0,0,0,S,0,0,0,N,0,N,0,N,0,N,0,N,0,N,0,THF,I,42,,,,,,,,882,1/1/25,0,0,0,0,0,0,0,0,0,0,0
470,0,0,12 Months--Out of Tuscola County Rate,12 Months Mail Delivery--Outside of Tuscola County,TA,WO,12,M,OOC,M,N,P,N,Y,,Y,Y,Y,Y,N,1,14,S,0,0,15,0,0,S,0,0,10,Y,3,Y,10,Y,17,Y,20,Y,13,Y,6,,N,0,,,,,,,,763,12/3/24,0,62,62,0,0,0,1.187739,0,0,0,0
471,0,0,12 months--Out of Tuscola County Senior Rate,12 Months Mail Delivery--Outside of Tuscola County Senior Rate,TA,WO,12,M,14,M,Y,P,N,Y,,Y,Y,Y,Y,N,1,14,S,0,0,15,0,0,S,0,0,10,Y,3,Y,10,Y,17,Y,20,Y,13,Y,6,,N,0,,,,,,,,764,12/3/24,0,54,54,0,0,0,1.034483,0,0,0,0
800,0,0,1 YR COMPLIMENTARY   - ADVERTISERS - CARRIER DELIVERED,THE JOURNAL 1 YEAR,TJ,WA,1,Y,COMP,C,Y,CO,N,Y,,N,N,N,Y,N,60,0,S,0,0,7,0,0,S,0,0,7,N,0,N,0,N,0,N,0,N,0,N,0,THF,I,42,,,,,,,,1000,1/1/25,0,0,0,0,0,0,0,0,0,0,0
801,0,0,INTERIM RATE DO NOT USE,THE JOURNAL 1 MONTH,TJ,WA,1,M,CD01,C,Y,P,N,N,7/22/25,N,N,N,N,Y,,10,S,0,0,7,0,0,S,0,0,7,Y,3,Y,10,Y,17,Y,20,Y,13,Y,6,THF,I,42,,,,,,,,1001,1/1/25,0,15.99,15.99,0,0,0.73517,0.73517,0.73517,0.73517,0.73517,0
802,0,0,3-Month Subscription,THE JOURNAL 3 MONTH,TJ,WA,3,M,CD01,C,Y,P,N,N,,N,N,N,Y,N,20,0,S,1,0,7,0,0,S,1,0,7,Y,1,N,14,N,28,Y,41,Y,10,Y,0,THF,I,42,,,,,,,,1002,1/1/25,0,54.99,54.99,0,0,0.843,0.843,0.843,0.843,0.843,0
803,0,0,6-Month Subscription,THE JOURNAL 6 MONTH,TJ,WA,6,M,CD01,C,Y,P,N,Y,,N,N,N,Y,N,20,0,S,1,0,7,0,0,S,1,0,7,Y,1,N,14,N,28,Y,41,Y,10,Y,0,THF,I,42,,,,,,,,1003,1/1/25,0,84.99,84.99,0,0,0.651264,0.651264,0.651264,0.651264,0.651264,0
804,0,0,Weekly Subscription Rate,THE JOURNAL 1 WEEK AUTO RENEW,TJ,WA,1,W,CD01,C,Y,P,B,N,,N,Y,N,Y,N,20,0,S,0,0,0,0,0,S,0,0,0,N,0,N,0,N,17,Y,3,Y,1,Y,0,THF,I,42,,,,,,,,1004,1/1/25,0,6.29,6.29,0,0,1.258,1.258,1.258,1.258,1.258,0
805,0,0,1 Year Subscription,THE JOURNAL 1 YEAR,TJ,WA,1,Y,CD01,C,Y,P,N,Y,,N,N,N,Y,N,20,0,S,1,0,7,0,0,S,1,0,7,Y,3,N,14,N,28,Y,41,Y,21,Y,7,THF,I,42,,,,,,,,1005,1/1/25,0,159.99,159.99,0,0,0.614,0.614,0.614,0.614,0.614,0
806,1,412,SPECIAL-CD03,THE JOURNAL 1 YEAR,TJ,WA,1,Y,CD02,C,Y,P,N,Y,,N,N,N,Y,N,20,0,S,1,0,7,0,0,S,1,0,7,Y,1,N,14,N,28,Y,41,Y,10,Y,0,THF,I,42,,,,,,,,1006,1/1/25,0,154.99,154.99,0,0,0.593831,0.593831,0.593831,0.593831,0.593831,0
807,1,102,SPECIAL-CD03,THE JOURNAL 1 YEAR,TJ,WA,1,Y,CD03,C,Y,P,N,Y,,N,N,N,Y,N,20,0,S,1,0,7,0,0,S,1,0,7,Y,1,N,14,N,28,Y,41,Y,10,Y,0,THF,I,42,,,,,,,,1007,1/1/25,0,154.99,154.99,0,0,0.593831,0.593831,0.593831,0.593831,0.593831,0
808,0,0,1-Month Subscription,THE JOURNAL 1 MONTH,TJ,WA,1,M,CD13,C,Y,P,E,Y,,N,N,N,Y,N,20,0,S,1,0,7,0,0,S,1,0,7,Y,1,N,14,N,28,Y,41,Y,10,Y,0,THF,I,42,,,,,,,,1008,1/1/25,0,16.99,16.99,0,0,0.781149,0.781149,0.781149,0.781149,0.781149,0
809,0,0,EZPAY Subscription,THE JOURNAL 1 MONTH AUTO RENEW,TJ,WA,1,M,CD14,C,Y,P,E,N,,N,N,N,Y,N,20,0,S,1,0,7,15,15,S,1,0,14,N,1,N,14,N,28,N,41,N,10,N,0,THF,I,42,,,,,,,,1009,1/1/25,0,15.99,15.99,0,0,0.73517,0.73517,0.73517,0.73517,0.73517,0
810,0,0,EZ PAY 19.99,THE JOURNAL 1 MONTH AUTO RENEW,TJ,WA,1,M,CR0099,C,Y,P,E,N,,N,N,N,Y,Y,20,0,S,0,0,14,0,0,S,0,0,14,Y,3,Y,10,Y,17,Y,20,Y,13,Y,6,THF,I,42,,,,,,,,1010,1/1/25,0,19.99,19.99,0,0,0.91908,0.91908,0.91908,0.91908,0.91908,0
811,0,0,3 MONTHS,THE JOURNAL 3 MONTH,TJ,WA,3,M,CR0099,C,Y,P,N,N,,N,N,N,Y,Y,20,0,S,0,0,7,0,0,S,0,0,7,Y,3,Y,10,Y,17,Y,20,Y,13,Y,6,THF,I,42,,,,,,,,1011,1/1/25,0,59.99,59.99,0,0,0.91939,0.91939,0.91939,0.91939,0.91939,0
812,0,0,6 MONTH 99.99,THE JOURNAL 6 MONTH,TJ,WA,6,M,CR0099,C,Y,P,N,Y,,N,N,N,Y,Y,20,0,S,0,0,7,0,0,S,0,0,7,Y,3,Y,10,Y,17,Y,20,Y,13,Y,6,THF,I,42,,,,,,,,1012,1/1/25,0,99.99,99.99,0,0,0.76621,0.76621,0.76621,0.76621,0.76621,0
813,0,0,Print and Digital 1 year for $189.99,THE JOURNAL 12 MONTH,TJ,WA,12,M,CR0099,C,Y,P,N,Y,,N,N,N,Y,Y,20,0,S,0,0,7,0,0,S,0,0,7,Y,3,Y,10,Y,17,Y,20,Y,13,Y,6,THF,I,42,,,,,,,,1013,1/1/25,0,189.99,189.99,0,0,0.727931,0.727931,0.727931,0.727931,0.727931,0
814,0,0,1 Month EZ Pay Home Delivery,THE JOURNAL 1 MONTH AUTO RENEW,TJ,WA,1,M,RN0099,C,Y,P,E,N,,N,N,N,Y,Y,20,0,S,0,0,7,0,0,S,0,0,7,Y,3,Y,10,Y,17,Y,20,Y,13,Y,6,THF,I,42,,,,,,,,1014,1/1/25,0,15.99,15.99,0,0,0.73517,0.73517,0.73517,0.73517,0.73517,0
815,0,0,3 Months Print and Digital,THE JOURNAL 3 MONTH,TJ,WA,3,M,RN0099,C,Y,P,N,N,,N,N,N,Y,Y,20,0,S,0,0,7,0,0,S,0,0,7,Y,3,Y,10,Y,17,Y,20,Y,13,Y,6,THF,I,42,,,,,,,,1015,1/1/25,0,59.99,59.99,0,0,0.91939,0.91939,0.91939,0.91939,0.91939,0
816,0,0,5 DAY DIGITAL ACCESS WITH 2 DAYS OF DELIVERY,THE JOURNAL 6 MONTH,TJ,5D,6,M,KK5DAY,C,Y,P,N,Y,,N,N,N,Y,Y,20,0,S,0,0,7,0,0,S,0,0,7,N,3,N,10,N,17,Y,21,Y,10,N,,THF,I,42,,,,,,,,1016,1/1/25,0,89.99,89.99,0,0,0.68957,0.68957,0.68957,0.68957,0.68957,0
817,0,0,1 Year Print and Digital,THE JOURNAL 12 MONTH,TJ,WA,12,M,RN0099,C,Y,P,N,Y,,N,N,N,Y,N,20,0,S,0,0,7,0,0,S,0,0,7,Y,3,Y,14,Y,21,Y,41,Y,21,Y,7,THF,I,42,,,,,,,,1017,1/1/25,0,169.99,169.99,0,0,0.651,0.651,0.651,0.651,0.651,0
818,1,412,$99 Print & HD for a year,The Journal 1 Year,TJ,WA,1,Y,RN0099,C,Y,P,N,Y,,N,Y,Y,Y,N,20,0,S,0,0,7,0,0,S,0,0,7,Y,3,Y,10,Y,17,Y,20,Y,13,Y,6,THF,I,42,,,,,,,,1018,1/1/25,0,99,99,0,0,0.3807,0.3807,0.3807,0.3807,0.3807,0
635,0,0,2025 Price Inc Fallback Rate $14.99,NOT FOR PUBLIC,TJ,WA,1,M,FB1M1499,M,Y,P,E,Y,,N,Y,N,Y,N,,0,S,0,0,14,0,0,S,0,0,14,Y,3,Y,10,Y,17,Y,20,Y,13,Y,6,THF,I,42,,,,,,,,892,12/23/24,0,14.99,14.99,0,0,0.689195,0.689195,0.689195,0.689195,0.689195,0
695,0,0,2025 fallback Rate $10.99,NOT FOR PUBLIC,TJ,WA,1,M,FB1M1099,M,Y,P,E,Y,,N,Y,N,Y,N,,0,S,0,0,14,0,0,S,0,0,14,Y,3,Y,10,Y,17,Y,20,Y,13,Y,6,THF,I,42,,,,,,,,896,12/23/24,0,10.99,10.99,0,0,0.505287,0.505287,0.505287,0.505287,0.505287,0
696,0,0,2025 fallback Rate $9.99,2025 fallback Rate $9.99,TJ,WA,1,M,FB1M999,M,Y,P,E,Y,,N,Y,N,Y,N,,0,S,0,0,14,0,0,S,0,0,14,Y,3,Y,10,Y,17,Y,20,Y,13,Y,6,THF,I,42,,,,,,,,897,12/23/24,0,9.99,9.99,0,0,0.45931,0.45931,0.45931,0.45931,0.45931,0
697,0,0,WED AND SAT ONLY,NOT FOR PUBLIC,TJ,WA,1,M,KK2DAY,C,Y,P,E,Y,,N,Y,N,Y,N,20,0,S,0,0,7,0,0,S,0,0,7,Y,3,Y,10,Y,17,Y,20,Y,13,Y,6,THF,I,0,,,,,,,,898,12/23/24,0,11.99,11.99,0,0,0.55126,0.55126,0.55126,0.55126,0.55126,0
698,0,0,The Journal 12M $159.99,2 days mail delivery with full digital access,TJ,WA,12,M,CD01,M,Y,P,N,Y,,N,Y,N,Y,N,,0,S,0,0,7,0,0,S,0,0,7,Y,3,Y,14,Y,28,Y,41,Y,21,Y,7,,N,0,,,,,,,,899,1/15/25,0,159.99,159.99,0,0,0,1.532471,0,0,1.532471,0
699,1,313,2025 25% DIRECT MAIL OFFER,2025 25% DIRECT MAIL OFFER,TR,WS,1,Y,MAIL,M,Y,P,N,N,,N,Y,Y,Y,N,,0,S,0,0,15,0,0,S,0,0,10,Y,3,Y,10,Y,17,Y,20,Y,13,Y,6,,N,0,,,,,,,,900,1/16/25,0,48.75,48.75,0,0,0,24.37,0,0,24.38,0
700,1,338,2025 25% DIRECT MAIL OFFER,2025 25% DIRECT MAIL OFFER,LJ,WS,52,W,MAIL,M,Y,P,N,Y,,N,Y,Y,Y,N,LJ01,0,S,0,0,15,0,0,S,0,0,10,Y,3,Y,10,Y,17,Y,20,Y,13,Y,6,,N,0,,,,,,,,901,1/16/25,0,48.75,48.75,0,0,0,0.47,0,0,0.47,0
701,0,0,WED AND SAT EDITIONS ONLY,NOT FOR PUBLIC - 12M 2 DAY MAIL,TJ,WA,12,M,PRNTONLY,M,Y,P,N,Y,,N,Y,N,Y,N,,14,S,0,0,7,0,0,S,0,0,7,N,,N,,N,,Y,30,Y,10,N,,THF,I,42,,,,,,,,902,1/20/25,0,129.99,129.99,0,0,0,1.245115,0,0,1.245115,0
702,0,0,2025 Price Inc Fallback Rate $139.99,NOT FOR PUBLIC,TJ,WA,12,M,FB12M139,C,Y,P,N,Y,,N,Y,N,Y,N,,0,S,0,0,7,0,0,S,0,0,7,Y,3,Y,10,Y,17,Y,20,Y,13,Y,6,THF,I,42,,,,,,,,903,1/20/25,0,139.99,139.99,0,0,0,1.3409,0,0,1.3409,0
704,0,0,WED AND SAT EDITIONS ONLY,NOT FOR PUBLIC - 6M 2 DAY MAIL,TJ,WA,6,M,PRNTONLY,M,Y,P,N,Y,,N,Y,N,Y,N,,14,S,0,0,7,0,0,S,0,0,7,N,,N,,N,,Y,21,Y,10,N,,THF,I,42,,,,,,,,904,1/20/25,0,69.99,69.99,0,0,0,1.340805,0,0,1.340805,0
705,0,0,2025 3M WA Fallback Rate,not for public,TJ,WA,3,M,FB3M45,M,Y,P,N,N,,N,Y,N,Y,N,,14,S,0,0,7,0,0,S,0,0,7,Y,3,Y,10,Y,17,Y,20,Y,13,Y,6,,N,0,,,,,,,,905,1/20/25,0,44.95,44.95,0,0,0,1.723755,0,0,1.723755,0
703,0,0,2025 FALLBACK RATE $149.99,NOT FOR PUBLIC,TJ,WA,12,M,FB12M149,M,Y,P,N,Y,,N,Y,Y,Y,N,,14,S,0,0,7,0,0,S,0,0,7,Y,3,Y,10,Y,17,Y,20,Y,13,Y,6,,N,0,,,,,,,,906,1/20/25,0,149.99,149.99,0,0,0,1.436686,0,0,1.436686,0
706,0,0,Digital Only 1M $9.99,not for public,TJ,5D,1,M,DIGI999,I,Y,P,E,Y,,N,Y,N,Y,N,,0,S,0,0,7,0,0,S,0,0,7,Y,3,Y,10,Y,17,Y,20,Y,13,Y,6,,N,0,,,,,,,,907,1/20/25,0,9.99,9.99,0,0,0.45631,0.45631,0.45631,0.45631,0.45631,0
600,0,0,3 MOS. COMP - WESTMINSTER & KEOWEE,THE JOURNAL 3 MONTH,TJ,WA,3,M,20,M,Y,CO,N,N,7/22/25,N,Y,Y,Y,N,,0,S,0,0,7,0,0,S,0,0,7,Y,3,Y,10,Y,17,Y,20,Y,13,Y,6,THF,I,42,,,,,,,,800,1/1/25,0,49.99,49.99,0,0,0.76613,0.76613,0.76613,0.76613,0.76613,0
683,0,0,EZ PAY MAIL *DO NOT USE,THE JOURNAL 1 MONTH,TJ,WA,0,M,34,M,Y,P,N,N,7/22/25,N,Y,N,Y,N,,34,S,0,0,20,0,0,S,0,0,7,Y,3,Y,10,Y,17,Y,20,Y,13,Y,6,THF,I,42,,,,,,,,883,1/1/25,0,11.49,11.49,0,0,1.649,1.649,1.649,1.649,1.649,0
605,0,0,INTERIM RATE DO NOT USE,THE JOURNAL 1 MONTH,TJ,WA,1,M,CD01,M,Y,P,N,N,7/22/25,N,N,N,N,Y,,20,S,0,0,7,0,0,S,0,0,7,Y,3,Y,10,Y,17,Y,20,Y,13,Y,6,THF,I,42,,,,,,,,805,1/1/25,0,15.99,15.99,0,0,0.73517,0.73517,0.73517,0.73517,0.73517,0
608,0,0,Weekly Subscription Rate,THE JOURNAL 1 WEEK AUTO RENEW,TJ,WA,1,W,CD01,M,Y,P,B,N,,N,Y,N,Y,N,20,0,S,0,0,0,0,0,S,0,0,0,N,0,N,0,N,17,Y,3,Y,1,Y,0,THF,I,42,,,,,,,,808,1/1/25,0,6.29,6.29,0,0,1.258,1.258,1.258,1.258,1.258,0
609,0,0,1 Year Subscription,THE JOURNAL 1 YEAR,TJ,WA,1,Y,CD01,M,Y,P,N,Y,,N,N,N,Y,N,20,0,S,1,0,7,0,0,S,1,0,7,Y,3,N,14,N,28,Y,41,Y,21,Y,7,THF,I,42,,,,,,,,809,1/1/25,0,159.99,159.99,0,0,0.614,0.614,0.614,0.614,0.614,0
606,0,0,3-Month Subscription,THE JOURNAL 3 MONTH,TJ,WA,3,M,CD01,M,Y,P,N,N,,N,N,N,N,N,20,0,S,1,0,7,0,0,S,1,0,7,Y,1,N,14,N,28,Y,41,Y,10,Y,0,THF,I,42,,,,,,,,806,1/1/25,0,54.99,54.99,0,0,0.843,0.843,0.843,0.843,0.843,0
601,0,0,30-Day Free Trial,THE JOURNAL 4 WEEK,TJ,WA,4,W,CD01,M,Y,CO,N,N,,N,Y,N,Y,N,,0,S,5,0,0,0,0,S,0,0,0,N,0,N,0,N,0,N,0,Y,12,Y,6,THF,I,42,,,,,,,,801,1/1/25,0,0,0,0,0,0,0,0,0,0,0
610,1,644,SPECIAL-CD03,THE JOURNAL 1 YEAR,TJ,WA,1,Y,CD02,M,Y,P,N,Y,,N,N,N,Y,N,20,0,S,1,0,7,0,0,S,1,0,7,Y,1,N,14,N,28,Y,41,Y,10,Y,0,THF,I,42,,,,,,,,810,1/1/25,0,154.99,154.99,0,0,0.593831,0.593831,0.593831,0.593831,0.593831,0
446,0,0,225 Price Incr Fall Back Rate 199.99,225 Price Incr Fall Back Rate 199.99,TJ,5D,12,M,FB12M199,C,Y,P,N,Y,,N,Y,N,N,N,,0,S,0,0,7,0,0,S,0,0,7,Y,3,Y,10,Y,17,Y,20,Y,13,Y,6,,N,0,,,,,,,,739,11/12/24,0,199.99,199.99,0,0,0.766245,0.766245,0.766245,0.766245,0.766245,0
447,0,0,2025 Price INc Fallback Rate $189.99,NOT FOR PUBLIC,TJ,5D,12,M,FB12M189,C,Y,P,N,Y,,N,Y,N,Y,N,,0,S,0,0,7,0,0,S,0,0,7,Y,3,Y,10,Y,17,Y,20,Y,13,Y,6,,N,0,,,,,,,,740,11/12/24,0,189.99,189.99,0,0,0.727921,0.727921,0.727921,0.727921,0.727921,0
448,0,0,2025 Price increase Fallback Rate $179.99,NOT FOR PUBLIC,TJ,5D,12,M,FB12M179,C,Y,P,N,Y,,N,Y,N,Y,N,,0,S,0,0,7,0,0,S,0,0,7,Y,3,Y,10,Y,17,Y,20,Y,13,Y,6,,N,0,,,,,,,,741,11/12/24,0,179.99,179.99,0,0,0.689617,0.689617,0.689617,0.689617,0.689617,0
449,0,0,2025 Price increase Fallback Rate $169.99,NOT FOR PUBLIC,TJ,WA,12,M,FB12169,C,Y,P,N,Y,,N,Y,N,Y,N,,0,S,0,0,7,0,0,S,0,0,7,Y,3,Y,14,Y,28,Y,41,Y,21,Y,7,THF,I,0,,,,,,,,742,11/12/24,0,169.99,169.99,0,0,0.651303,0.651303,0.651303,0.651303,0.651303,0
450,0,0,2025 Price Inc Fallback Rate 109.99,NOT FOR PUBLIC,TJ,5D,6,M,FB6M109,C,Y,P,N,Y,,N,Y,N,Y,N,,0,S,0,0,7,0,0,S,0,0,7,Y,3,Y,10,Y,17,Y,20,Y,13,Y,6,,N,0,,,,,,,,743,11/12/24,0,109.99,109.99,0,0,0.842835,0.842835,0.842835,0.842835,0.842835,0
451,0,0,2025 Price Inc Fallback Rate $99.99,NOT FOR PUBLIC,TJ,5D,6,M,FB6M99,C,Y,P,N,Y,,N,Y,N,Y,N,,0,S,0,0,7,0,0,S,0,0,7,Y,3,Y,10,Y,17,Y,20,Y,13,Y,6,,N,0,,,,,,,,744,11/12/24,0,99.99,99.99,0,0,0.766207,0.766207,0.766207,0.766207,0.766207,0
452,0,0,2025 Price Inc Fallback Rate $89.99,NOT FOR PUBLIC,TJ,5D,6,M,FB6M89,C,Y,P,N,Y,,N,Y,N,Y,N,,0,S,0,0,7,0,0,S,0,0,7,Y,3,Y,10,Y,17,Y,20,Y,13,Y,6,,N,0,,,,,,,,745,11/12/24,0,89.99,89.99,0,0,0.689879,0.689579,0.689579,0.689579,0.689579,0
453,0,0,2025 Price Inc Fallback Rate $18.99,NOT FOR PUBLIC,TJ,5D,1,M,FB1M1899,C,Y,P,E,Y,,N,Y,N,Y,N,,0,S,0,0,7,0,0,S,0,0,7,Y,3,Y,10,Y,17,Y,20,Y,13,Y,6,,N,0,,,,,,,,746,11/13/24,0,18.99,18.99,0,0,0.873103,0.873103,0.873103,0.873103,0.873103,0
454,0,0,2025 Price Inc Fallback Rate $17.99,NOT FOR PUBLIC,TJ,5D,1,M,FB1M1799,C,Y,P,E,Y,,N,Y,N,Y,N,,0,S,0,0,7,0,0,S,0,0,7,Y,3,Y,10,Y,17,Y,20,Y,13,Y,6,,N,0,,,,,,,,747,11/13/24,0,17.99,17.99,0,0,0.827126,0.827126,0.827126,0.827126,0.827126,0
455,0,0,2025 Price Inc Fallback Rate $16.99,NOT FOR PUBLIC,TJ,5D,1,M,FB1M1699,C,Y,P,E,Y,,N,Y,N,Y,N,,0,S,0,0,7,0,0,S,0,0,7,Y,3,Y,10,Y,17,Y,20,Y,13,Y,6,,N,0,,,,,,,,748,11/13/24,0,16.99,16.99,0,0,0.781149,0.781149,0.781149,0.781149,0.781149,0
456,0,0,5 DAY DIGITAL ACCESS WITH 2 DAYS OF DELIVERY,NOT FOR PUBLIC,TJ,5D,1,M,KK5DAY,C,Y,P,E,Y,,N,Y,N,Y,N,20,0,S,0,0,7,0,0,S,0,0,7,Y,3,Y,10,Y,17,Y,20,Y,13,Y,6,,N,0,,,,,,,,749,11/13/24,0,15.99,15.99,0,0,0.735172,0.735172,0.735172,0.735172,0.735172,0
457,0,0,2025 Price Inc Fallback Digital $209.99,NOT FOR PUBLIC,TJ,5D,12,M,FD12M209,I,Y,P,N,Y,,N,Y,N,Y,N,,0,S,0,0,7,0,0,S,0,0,7,Y,3,Y,10,Y,17,Y,20,Y,13,Y,6,,N,0,,,,,,,,750,11/13/24,0,209.99,209.99,0,0,0.804559,0.804559,0.804559,0.804559,0.804559,0
458,0,0,2025 Price Inc Fallback Digital $199.99,NOT FOR PUBLIC,TJ,5D,12,M,FD12M199,I,Y,P,N,Y,,N,Y,N,Y,N,,0,S,0,0,7,0,0,S,0,0,7,Y,3,Y,10,Y,17,Y,20,Y,13,Y,6,,N,0,,,,,,,,751,11/13/24,0,199.99,199.99,0,0,0.766245,0.766245,0.766245,0.766245,0.766245,0
459,0,0,2025 Price Inc Fallback Digital $189.99,NOT FOR PUBLIC,TJ,5D,12,M,FD12M189,I,Y,P,N,Y,,N,Y,N,Y,N,,0,S,0,0,7,0,0,S,0,0,7,Y,3,Y,10,Y,17,Y,20,Y,13,Y,6,,N,0,,,,,,,,752,11/13/24,0,189.99,189.99,0,0,0.727931,0.727931,0.72793174,0.727931,0.727931,0
460,0,0,2025 Price Inc Fallback Digital $179.99,NOT FOR PUBLIC,TJ,5D,12,M,FD12M179,I,Y,P,N,Y,,N,Y,N,Y,N,,0,S,0,0,7,0,0,S,0,0,7,Y,3,Y,10,Y,17,Y,20,Y,13,Y,6,,N,0,,,,,,,,753,11/13/24,0,179.99,179.99,0,0,0.689617,0.689617,0.689617,0.689617,0.689617,0
461,0,0,2025 Price Inc Fallback Digital $169.99,NOT FOR PUBLIC,TJ,5D,12,M,FD12M169,I,Y,P,N,Y,,N,Y,N,Y,N,,0,S,0,0,7,0,0,S,0,0,7,Y,3,Y,10,Y,17,Y,20,Y,13,Y,6,,N,0,,,,,,,,754,11/13/24,0,169.99,169.99,0,0,0.651303,0.651303,0.651303,0.651303,0.651303,0
462,0,0,2025 Price Inc Fallback Digital 6M $109.99,NOT FOR PUBLIC,TJ,5D,6,M,FD6M109,I,Y,P,N,Y,,N,Y,N,Y,N,,0,S,0,0,7,0,0,S,0,0,7,Y,3,Y,10,Y,17,Y,20,Y,13,Y,6,,N,0,,,,,,,,755,11/13/24,0,109.99,109.99,0,0,0.842835,0.842835,0.842835,0.842835,0.842835,0
463,0,0,2025 Price Inc Fallback Digital 6M $99.99,NOT FOR PUBLIC,TJ,5D,6,M,FD6M99,I,Y,P,N,Y,,N,Y,N,Y,N,,0,S,0,0,7,0,0,S,0,0,7,Y,3,Y,10,Y,17,Y,20,Y,13,Y,6,,N,0,,,,,,,,756,11/13/24,0,99.99,99.99,0,0,0.766207,0.766207,0.766207,0.766207,0.766207,0
464,0,0,2025 Price Inc Fallback Digital 6M $89.99,NOT FOR PUBLI,TJ,5D,6,M,FD6M89,I,Y,P,N,Y,,N,Y,N,Y,N,,0,S,0,0,7,0,0,S,0,0,7,Y,3,Y,10,Y,17,Y,20,Y,13,Y,6,,N,0,,,,,,,,757,11/13/24,0,89.99,89.99,0,0,0.689579,0.689579,0.689579,0.689579,0.689579,0
465,0,0,2025 Price Inc Fallback Digital 1M $18.99,NOT FOR PUBLIC,TJ,5D,1,M,FD1M1899,I,Y,P,E,Y,,N,Y,N,Y,N,,0,S,0,0,7,0,0,S,0,0,7,Y,3,Y,10,Y,17,Y,20,Y,13,Y,6,,N,0,,,,,,,,758,11/13/24,0,18.99,18.99,0,0,0.873103,0.873103,0.873103,0.873103,0.873103,0
466,0,0,2025 Price Inc Fallback Digital 1M $17.99,NOT FOR PUBLIC,TJ,5D,1,M,HD1M1799,I,Y,P,E,Y,,N,Y,N,Y,N,,0,S,0,0,7,0,0,S,0,0,7,Y,3,Y,10,Y,17,Y,20,Y,13,Y,6,,N,0,,,,,,,,759,11/13/24,0,17.99,17.99,0,0,0.827126,0.827126,0.827126,0.827126,0.827126,0
467,0,0,2025 Price Inc Fallback Digital 1m $16.99,NOT FOR PUBLIC,TJ,5D,1,M,FD1M1699,I,Y,P,E,Y,,N,Y,N,Y,N,,0,S,0,0,14,0,0,S,0,0,14,Y,3,Y,10,Y,17,Y,20,Y,13,Y,6,,N,0,,,,,,,,760,11/13/24,0,16.99,16.99,0,0,0.781149,0.781149,0.781149,0.781149,0.781149,0
468,0,0,2025 Price Inc Fallback Digital 1M $15.99,NOT FOR PUBLIC,TJ,5D,1,M,FD1M1599,I,Y,P,E,Y,,N,Y,N,Y,N,,0,S,0,0,7,0,0,S,0,0,7,Y,3,Y,10,Y,17,Y,20,Y,13,Y,6,,N,0,,,,,,,,761,11/13/24,0,15.99,15.99,0,0,0.735172,0.735172,0.735172,0.735172,0.735172,0
611,1,610,SPECIAL-CD03,THE JOURNAL 1 YEAR,TJ,WA,1,Y,CD03,M,Y,P,N,Y,,N,N,N,Y,N,20,0,S,1,0,7,0,0,S,1,0,7,Y,1,N,14,N,28,Y,41,Y,10,Y,0,THF,I,42,,,,,,,,811,1/1/25,0,154.99,154.99,0,0,0.593831,0.593831,0.593831,0.593831,0.593831,0
613,1,611,SPECIAL-CD04,THE JOURNAL 1 YEAR,TJ,WA,1,Y,CD04,M,Y,P,N,Y,,N,N,N,Y,N,20,0,S,1,0,7,0,0,S,1,0,7,Y,1,N,14,N,28,Y,41,Y,10,Y,0,THF,I,42,,,,,,,,813,1/1/25,0,154.99,154.99,0,0,0.593831,0.593831,0.593831,0.593831,0.593831,0
612,0,0,3 MONTH ADJUSTED DO NOT USE,THE JOURNAL 3 MONTH,TJ,WA,3,M,CD04,M,Y,P,N,N,7/22/25,N,Y,Y,Y,N,,0,S,0,0,7,0,0,S,0,0,7,Y,3,Y,10,Y,17,Y,20,Y,13,Y,6,THF,I,42,,,,,,,,812,1/1/25,0,49.99,49.99,0,0,0.76613,0.76613,0.76613,0.76613,0.76613,0
614,1,613,SPECIAL-CD05,THE JOURNAL 1 YEAR,TJ,WA,1,Y,CD05,M,Y,P,N,Y,,N,N,N,Y,N,20,0,S,1,0,7,0,0,S,1,0,7,Y,1,N,14,N,28,Y,41,Y,10,Y,0,THF,I,42,,,,,,,,814,1/1/25,0,154.99,154.99,0,0,0.593831,0.593831,0.593831,0.593831,0.593831,0
615,0,0,3 MO CARRIER DEL,THE JOURNAL 3 MONTH,TJ,WA,3,M,CD10,M,Y,P,N,N,7/22/25,N,N,N,Y,N,20,0,S,1,0,7,0,0,S,1,0,7,Y,1,N,14,N,28,Y,41,Y,10,Y,0,THF,I,42,,,,,,,,815,1/1/25,0,49.99,49.99,0,0,0.76613,0.76613,0.76613,0.76613,0.76613,0
616,0,0,3 MO CARRIER,THE JOURNAL 3 MONTH,TJ,WA,3,M,CD11,M,Y,P,N,N,7/22/25,N,N,N,Y,N,20,0,S,1,0,7,0,0,S,1,0,7,Y,1,N,14,N,28,Y,41,Y,10,Y,0,THF,I,42,,,,,,,,816,1/1/25,0,49.99,49.99,0,0,0.76613,0.76613,0.76613,0.76613,0.76613,0
617,0,0,3 MO ONLINE-CD12,THE JOURNAL 3 MONTH,TJ,WA,3,M,CD12,M,Y,P,N,N,7/22/25,N,N,N,Y,N,20,0,S,1,0,7,0,0,S,1,0,7,Y,1,N,14,N,28,Y,41,Y,10,Y,0,THF,I,42,,,,,,,,817,1/1/25,0,49.99,49.99,0,0,0.76613,0.76613,0.76613,0.76613,0.76613,0
618,0,0,1-Month Subscription,THE JOURNAL 1 MONTH,TJ,WA,1,M,CD13,M,Y,P,E,Y,,N,N,N,Y,N,20,0,S,1,0,14,0,0,S,1,0,14,Y,1,N,14,N,28,Y,41,Y,10,Y,0,THF,I,42,,,,,,,,818,1/1/25,0,16.99,16.99,0,0,0.781149,0.781149,0.781149,0.781149,0.781149,0
619,0,0,EZPAY Subscription CASH,THE JOURNAL 1 MONTH AUTO RENEW,TJ,WA,1,M,CD14,M,Y,P,E,Y,,N,N,N,Y,N,20,0,S,1,0,7,15,15,S,1,0,14,N,1,N,14,N,28,N,41,N,10,N,0,THF,I,42,,,,,,,,819,1/1/25,0,15.99,15.99,0,0,0.73517,0.73517,0.73517,0.73517,0.73517,0
620,0,0,PAYPAL CARRIER DELIVERED,THE JOURNAL 1 MONTH,TJ,WA,1,M,CD15,M,Y,P,N,Y,,N,N,N,Y,N,20,0,S,1,0,7,0,0,S,1,0,7,Y,1,N,14,N,28,Y,41,Y,10,Y,0,THF,I,42,,,,,,,,820,1/1/25,0,8.25,8.25,0,0,0.375,0.375,0.375,0.375,0.375,0
621,0,0,PAYPAL CARRIER DELIVERED,THE JOURNAL 1 MONTH,TJ,WA,1,M,CD16,M,Y,P,N,N,,N,N,N,Y,N,20,0,S,1,0,7,0,0,S,1,0,7,Y,1,N,14,N,28,Y,41,Y,10,Y,0,THF,I,42,,,,,,,,821,1/1/25,0,11.49,11.49,0,0,0.5223,0.5223,0.5223,0.5223,0.5223,0
603,1,609,2 Months Free,THE JOURNAL 2 MONTH,TJ,WA,2,M,COMP,M,Y,CO,N,Y,,N,Y,N,Y,N,,14,S,0,0,0,0,0,S,0,0,0,N,3,N,10,N,17,N,20,N,13,N,6,THF,I,42,,,,,,,,803,1/1/25,0,0,0,0,0,0,0,0,0,0,0
625,0,0,Print and Digital 1 year for $189.99,THE JOURNAL 12 MONTH,TJ,WA,12,M,CR0099,M,Y,P,N,Y,,N,N,N,Y,Y,20,0,S,0,0,25,0,0,S,0,0,7,Y,3,Y,10,Y,17,Y,20,Y,13,Y,6,THF,I,42,,,,,,,,825,1/1/25,0,189.99,189.99,0,0,0.727931,0.727931,0.727931,0.727931,0.727931,0
622,0,0,EZ PAY 19.99,THE JOURNAL 1 MONTH AUTO RENEW,TJ,WA,1,M,CR0099,M,Y,P,E,Y,,N,N,N,Y,Y,20,0,S,0,0,14,0,0,S,0,0,14,Y,3,Y,10,Y,17,Y,20,Y,13,Y,6,THF,I,42,,,,,,,,822,1/1/25,0,19.99,19.99,0,0,0.91908,0.91908,0.91908,0.91908,0.91908,0
623,0,0,3 MONTHS,THE JOURNAL 3 MONTH,TJ,WA,3,M,CR0099,M,Y,P,N,Y,,N,N,N,Y,Y,20,0,S,0,0,7,0,0,S,0,0,7,Y,3,Y,10,Y,17,Y,20,Y,13,Y,6,THF,I,42,,,,,,,,823,1/1/25,0,59.99,59.99,0,0,0.91939,0.91939,0.91939,0.91939,0.91939,0
624,0,0,6 MONTH 99.99,THE JOURNAL 6 MONTH,TJ,WA,6,M,CR0099,M,Y,P,N,Y,,N,N,N,Y,Y,20,0,S,0,0,7,0,0,S,0,0,7,Y,3,Y,10,Y,17,Y,20,Y,13,Y,6,THF,I,42,,,,,,,,824,1/1/25,0,99.99,99.99,0,0,0.76621,0.76621,0.76621,0.76621,0.76621,0
626,0,0,EMPLOYEE 1 YR,THE JOURNAL 1 YEAR,TJ,WA,1,Y,EP03,M,Y,P,N,Y,,N,N,N,Y,N,20,0,S,1,0,7,0,0,S,1,0,7,Y,1,N,14,N,28,Y,41,Y,10,Y,0,THF,I,42,,,,,,,,826,1/1/25,0,54.5,54.5,0,0,0.209615,0.209615,0.209615,0.209615,0.209615,0
627,0,622,BOGO for $19.99/2 months. Steps to $19.99/month.,THE JOURNAL 2 MONTH AUTO RENEW,TJ,WA,2,M,EZBOGO20,M,Y,P,N,N,,N,N,Y,Y,Y,20,0,S,0,0,7,0,0,S,0,0,7,Y,3,Y,10,Y,15,Y,20,Y,15,Y,6,THF,I,42,,,,,,,,827,1/1/25,0,19.99,19.99,0,0,0.45954,0.45954,0.45954,0.45954,0.45954,0.45954
628,1,622,Buy One Get One Free 1month EZ Pay,THE JOURNAL 2 MONTH AUTO RENEW,TJ,WA,2,M,EZBOGOTJ,M,Y,P,E,N,,N,N,N,Y,Y,,10,S,1,0,7,0,0,S,1,0,7,N,3,N,10,N,17,N,20,N,13,N,6,THF,I,42,,,,,,,,828,1/1/25,0,15.99,15.99,0,0,0.36759,0.36759,0.36759,0.36759,0.36759,0
629,0,0,2025 Rate $169.99,1 year full access,TJ,WA,12,M,FB12169,M,Y,P,N,Y,,N,Y,N,Y,N,,0,S,0,0,7,0,0,S,0,0,7,Y,3,Y,14,Y,28,Y,41,Y,21,Y,7,THF,I,42,,,,,,,,829,1/1/25,0,169.99,169.99,0,0,0.651303,0.651303,0.651303,0.651303,0.651303,0
630,0,0,2025 Price increase Fallback Rate $179.99,NOT FOR PUBLIC,TJ,WA,12,M,FB12M179,M,Y,P,N,Y,,N,Y,N,Y,N,,0,S,0,0,7,0,0,S,0,0,7,Y,3,Y,10,Y,17,Y,20,Y,13,Y,6,THF,I,42,,,,,,,,830,1/1/25,0,179.99,179.99,0,0,0.689617,0.689617,0.689617,0.689617,0.689617,0
631,0,0,2025 Price INc Fallback Rate $189.99,NOT FOR PUBLIC,TJ,WA,12,M,FB12M189,M,Y,P,N,Y,,N,N,N,Y,N,,0,S,0,0,7,0,0,S,0,0,7,Y,3,Y,10,Y,17,Y,20,Y,13,Y,6,THF,I,42,,,,,,,,831,1/1/25,0,189.99,189.99,0,0,0.727921,0.727921,0.727921,0.727921,0.727921,0
632,0,0,225 Price Incr Fall Back Rate 199.99,225 Price Incr Fall Back Rate 199.99,TJ,WA,12,M,FB12M199,M,Y,P,N,Y,,N,Y,N,N,N,,0,S,0,0,7,0,0,S,0,0,7,Y,3,Y,10,Y,17,Y,20,Y,13,Y,6,THF,I,42,,,,,,,,832,1/1/25,0,199.99,199.99,0,0,0.766245,0.766245,0.766245,0.766245,0.766245,0
633,0,0,2025 Price Inc Fallback Rate $209.99,NOT FOR PUBLIC,TJ,WA,12,M,FB12M25,M,Y,P,N,Y,,N,Y,N,Y,N,,0,S,0,0,7,0,0,S,0,0,7,Y,3,Y,10,Y,17,Y,20,Y,13,Y,6,THF,I,42,,,,,,,,833,1/1/25,0,209.99,209.99,0,0,0.804559,0.804559,0.804559,0.804559,0.804559,0
756,1,471,ADVERTISER - 12M -Out of County SR Rate - STAY & SAVE -1M FREE,ADVERTISER - 12M -Out of County SR Rate - STAY & SAVE -1M FREE,TA,WO,1,M,SOFF8,M,Y,CO,N,Y,,Y,Y,Y,Y,N,,0,S,0,0,0,0,0,S,0,0,0,N,,N,,N,,N,,N,,N,6,,N,0,,,,,,,,956,7/20/25,0,0,0,0,0,0,0,0,0,0,0
757,1,470,ADVERTISER - 12m -Out of County - STAY & SAVE -1M FREE,ADVERTISER - 12m -Out of County - STAY & SAVE -1M FREE,TA,WO,1,M,SOFF9,M,Y,CO,N,Y,,Y,Y,Y,Y,N,,0,S,0,0,0,0,0,S,0,0,0,N,,N,,N,,N,,N,,N,,,N,0,,,,,,,,957,7/20/25,0,0,0,0,0,0,0,0,0,0,0
758,1,222,ADVERTISER - 12m - SR - STAY & SAVE -1M FREE,ADVERTISER - 12m - SR - STAY & SAVE -1M FREE,TA,WO,1,M,SOFF10,M,Y,CO,N,Y,,Y,Y,Y,Y,N,,0,S,0,0,0,0,0,S,0,0,0,N,,N,,N,,N,,N,,N,,,N,0,,,,,,,,958,7/20/25,0,0,0,0,0,0,0,0,0,0,0
759,1,221,ADVERTISER - 12m -DIGITAL - STAY & SAVE -1M FREE,ADVERTISER - 12m -DIGITAL - STAY & SAVE -1M FREE,TA,WO,1,M,SOFF11,I,Y,CO,N,Y,,Y,Y,Y,Y,N,,0,S,0,0,0,0,0,S,0,0,0,N,,N,,N,,N,,N,,N,,,N,0,,,,,,,,959,7/20/25,0,0,0,0,0,0,0,0,0,0,0
760,1,619,JOURNAL EZPAY RECURRING - STAY & SAVE - 1M FREE,JOURNAL EZPAY RECURRING - STAY & SAVE - 1M FREE,TJ,WA,1,M,SOFF12,M,Y,CO,N,Y,,N,Y,N,Y,N,,0,S,0,0,0,0,0,S,0,0,0,N,,N,,N,,N,,N,,N,,,N,0,,,,,,,,960,7/20/25,0,0,0,0,0,0,0,0,0,0,0
761,1,644,JOURNAL 1Y PRINT+DIGITAL - STAY & SAVE - CASH - 1M FREE,JOURNAL 1Y PRINT+DIGITAL - STAY & SAVE - 1M FREE,TJ,WA,4,W,SOFF13,M,Y,CO,N,Y,,Y,Y,Y,Y,N,,0,S,0,0,0,0,0,S,0,0,0,N,,N,,N,,N,,N,,N,,,N,0,,,,,,,,961,7/20/25,0,0,0,0,0,0,0,0,0,0,0
762,1,643,JOURNAL 6M PRINT+DIGITAL - STAY & SAVE - CASH - 1M FREE,JOURNAL 6M PRINT+DIGITAL - STAY & SAVE - 1M FREE,TJ,WA,1,M,SOFF14,M,Y,CO,N,Y,,Y,Y,Y,Y,N,,0,S,0,0,0,0,0,S,0,0,0,N,0,N,0,N,0,N,0,N,0,N,0,,N,0,,,,,,,,962,7/20/25,0,0,0,0,0,0,0,0,0,0,0
763,1,642,JOURNAL 3M PRINT+DIGITAL - STAY & SAVE - CASH - 1M FREE,JOURNAL 3M PRINT+DIGITAL - STAY & SAVE - 1M FREE,TJ,WA,1,M,SOFF15,M,Y,CO,N,Y,,Y,Y,Y,Y,N,,0,S,0,0,0,0,0,S,0,0,0,N,0,N,,N,,N,,N,,N,,,N,0,,,,,,,,963,7/20/25,0,0,0,0,0,0,0,0,0,0,0
737,0,0,5 DAY DIGITAL ACCESS WITH 2 DAYS OF DELIVERY,12M Keowee Key Home Delivery with Digital Accses,TJ,5D,12,M,KK5DAY,C,Y,P,N,Y,,N,Y,Y,Y,N,20,0,S,0,0,7,0,0,S,0,0,7,N,3,N,10,N,17,Y,30,Y,10,N,0,,N,0,,,,,,,,967,8/25/25,0,169.99,169.99,0,0,0.651,0.651,0.651,0.651,0.651,0
407,0,0,Government employee rate,THE JOURNAL 12 MONTH,TJ,5D,12,M,CITYGOV,I,N,CO,N,Y,,N,N,N,Y,Y,,0,S,0,0,7,0,0,S,0,0,7,Y,3,Y,10,Y,17,Y,20,Y,13,Y,6,,N,0,,,,,,,,417,12/19/23,0,129.99,129.99,0,0,0.49804,0.49804,0.49804,0.49804,0.49804,0
407,0,0,Government employee rate,THE JOURNAL 12 MONTH,TJ,5D,12,M,CITYGOV,I,N,CO,N,Y,,N,N,N,Y,Y,,0,S,0,0,7,0,0,S,0,0,7,Y,3,Y,10,Y,17,Y,20,Y,13,Y,6,,N,0,,,,,,,,418,12/20/23,0,0,0,0,0,0,0,0,0,0,0
114,0,0,EZPAY Subscription,THE JOURNAL 1 MONTH AUTO RENEW,TJ,5D,1,M,CD14,C,Y,P,E,N,,N,N,N,Y,N,20,0,S,1,0,7,15,15,S,1,0,7,N,1,N,14,N,28,N,41,N,10,N,0,,N,0,,,,,,,,419,1/2/24,0,15.99,15.99,0,0,0.73517,0.73517,0.73517,0.73517,0.73517,0
136,0,0,EZ Pay Monthly Online Only,THE JOURNAL 1 MONTH AUTO RENEW,TJ,5D,1,M,EZIN,I,Y,P,E,Y,,N,N,N,Y,N,20,0,S,0,0,7,0,0,S,0,0,7,N,3,N,10,N,17,N,20,N,13,N,6,,N,0,,,,,,,,420,1/2/24,0,15.99,15.99,0,0,0.73517,0.73517,0.73517,0.73517,0.73517,0
408,0,313,$10.00 Off for Christmas,THE RANGER 52 WEEK,TR,WS,52,W,MAIL,M,Y,P,N,Y,,N,Y,Y,Y,N,,0,S,0,0,15,0,0,S,0,0,10,Y,3,Y,10,Y,17,Y,20,Y,13,Y,6,,N,0,,,,,,,,424,12/28/23,0,55,55,0,0,0,0.53,0,0,0.53,0
409,0,338,$10.00 Off for Christmas,LANDER JOURNAL 52 WEEK,LJ,WS,52,W,MAIL,M,Y,P,N,Y,,N,Y,Y,Y,N,,0,S,0,0,15,0,0,S,0,0,10,Y,3,Y,10,Y,17,Y,20,Y,13,Y,6,,N,0,,,,,,,,425,12/28/23,0,55,55,0,0,0,0.53,0,0,0.53,0
377,0,0,3 MONTHS,THE JOURNAL 3 MONTH,TJ,5D,3,M,CR0099,C,Y,P,N,N,,N,N,N,Y,Y,20,0,S,0,0,7,0,0,S,0,0,7,Y,3,Y,10,Y,17,Y,20,Y,13,Y,6,,N,0,,,,,,,,426,1/4/24,0,59.99,59.99,0,0,0.91939,0.91939,0.91939,0.91939,0.91939,0
403,0,0,DIGITAL ONLY 3 MONTHS,THE JOURNAL 3 MONTH,TJ,5D,3,M,DG0099,I,Y,P,N,N,,N,N,N,Y,Y,20,50,S,0,0,7,0,0,S,0,0,7,Y,3,Y,10,Y,17,Y,20,Y,13,Y,6,,N,0,,,,,,,,427,1/4/24,0,59.99,59.99,0,0,0.91939,0.91939,0.91939,0.91939,0.91939,0
410,0,0,6 Months Print and Digital,THE JOURNAL 6 MONTH,TJ,5D,6,M,RN0099,C,Y,P,N,Y,,N,N,N,Y,Y,20,0,S,0,0,7,0,0,S,0,0,7,Y,3,Y,10,Y,17,Y,20,Y,13,Y,6,,N,0,,,,,,,,428,1/4/24,0,89.99,89.99,0,0,0.68957,0.68957,0.68957,0.68957,0.68957,0
411,0,0,3 Months Print and Digital,THE JOURNAL 3 MONTH,TJ,5D,3,M,RN0099,C,Y,P,N,N,,N,N,N,Y,Y,20,0,S,0,0,7,0,0,S,0,0,7,Y,3,Y,10,Y,17,Y,20,Y,13,Y,6,,I,0,,,,,,,,429,1/4/24,0,59.99,59.99,0,0,0.91939,0.91939,0.91939,0.91939,0.91939,0
412,0,0,1 Year Print and Digital,THE JOURNAL 12 MONTH,TJ,5D,12,M,RN0099,C,Y,P,N,N,,N,N,N,Y,N,20,0,S,0,0,7,0,0,S,0,0,7,Y,3,Y,10,Y,17,Y,20,Y,13,Y,6,,N,0,,,,,,,,430,1/4/22,0,169.99,169.99,0,0,0.651,0.651,0.651,0.651,0.651,0
413,0,0,5 DAYS ACCESS ONLY - NO HOME DELIVERY,THE JOURNAL 6 MONTH,TJ,5D,6,M,DIGONLY,I,Y,P,N,Y,,N,Y,Y,Y,Y,20,0,S,0,0,7,0,0,S,0,0,7,N,0,N,0,N,0,Y,21,Y,10,N,0,,N,0,,,,,,,,431,1/4/24,0,89.99,89.99,0,0,0.68957,0.68957,0.68957,0.68957,0.68957,0
414,0,0,5 DAYS ACCESS ONLY - NO HOME DELIVERY,THE JOURNAL 3 MONTH,TJ,5D,3,M,DIGONLY,I,Y,P,N,Y,,N,N,N,Y,Y,20,0,S,0,0,7,0,0,S,0,0,7,N,3,N,10,N,17,Y,16,Y,8,N,,,N,0,,,,,,,,432,1/4/24,0,59.99,59.99,0,0,0.91939,0.91939,0.91939,0.91939,0.91939,0
415,0,0,5 DAYS ACCESS ONLY - NO HOME DELIVERY,THE JOURNAL 12 MONTH,TJ,5D,12,M,DIGONLY,I,Y,P,N,Y,,N,N,N,Y,Y,20,0,S,0,0,25,0,0,S,0,0,7,N,3,N,10,N,17,Y,30,Y,10,N,0,,N,0,,,,,,,,433,1/4/24,0,169.99,169.99,0,0,0.6513,0.6513,0.6513,0.6513,0.6513,0
416,0,0,Employee Comp Digital Sub,THE RANGER 52 WEEK,TR,WS,52,W,INTERNET,I,Y,CO,N,Y,,N,Y,Y,Y,N,,0,S,0,0,15,0,0,S,0,0,10,Y,3,Y,10,Y,17,Y,20,Y,13,Y,6,,N,0,,,,,,,,434,1/9/24,0,0,0,0,0,0,0,0,0,0,0
417,0,0,Employee Comp Digital,LANDER JOURNAL 52 WEEK,LJ,WS,52,W,INTERNET,I,N,CO,N,Y,,N,Y,Y,Y,N,,0,S,0,0,15,0,0,S,0,0,10,Y,3,Y,10,Y,17,Y,20,Y,13,Y,6,,N,0,,,,,,,,435,1/9/24,0,0,0,0,0,0,0,0,0,0,0
418,0,0,1 Month EZ Pay Home Delivery,THE JOURNAL 1 MONTH AUTO RENEW,TJ,5D,1,M,RN0099,C,Y,P,E,N,,N,N,N,Y,Y,20,0,S,0,0,7,0,0,S,0,0,7,Y,3,Y,10,Y,17,Y,20,Y,13,Y,6,,I,0,,,,,,,,436,1/16/24,0,15.99,15.99,0,0,0.73517,0.73517,0.73517,0.73517,0.73517,0
419,0,0,5 DAYS ACCESS ONLY - NO HOME DELIVERY,THE JOURNAL 1 MONTH AUTO RENEW,TJ,5D,1,M,DIGONLY,I,Y,P,E,Y,,N,N,N,Y,Y,20,0,S,0,0,7,0,0,S,0,0,7,Y,3,Y,10,Y,17,Y,20,Y,13,Y,6,,N,0,,,,,,,,437,1/16/24,0,15.99,15.99,0,0,0.73517,0.73517,0.73517,0.73517,0.73517,0
422,0,0,INTERIM RATE DO NOT USE,THE JOURNAL 1 MONTH,TJ,5D,1,M,CD01,C,Y,P,N,N,,N,N,N,N,Y,,20,S,0,0,7,0,0,S,0,0,7,Y,3,Y,10,Y,17,Y,20,Y,13,Y,6,,N,0,,,,,,,,442,1/23/24,0,15.99,15.99,0,0,0.73517,0.73517,0.73517,0.73517,0.73517,0
423,0,0,Digital Only,THE RANGER 52 WEEK,TR,WS,52,W,INTERNET,I,Y,P,N,Y,,N,Y,Y,Y,N,,0,S,0,0,15,0,0,S,0,0,10,Y,3,Y,10,Y,17,Y,20,Y,13,Y,6,,N,0,,,,,,,,443,1/25/24,0,65,65,0,0,0,0.63,0,0,0.63,0
424,0,0,2 Week Home Delivery Tues-Sat.,THE JOURNAL 2 WEEK,TJ,5D,2,W,SAMP99,C,Y,CO,N,Y,,N,N,N,Y,Y,20,0,S,0,0,1,0,0,S,0,0,2,N,3,N,10,N,17,N,20,N,13,N,6,,N,0,,,,,,,,444,2/6/24,0,0,0,0,0,0,0,0,0,0,0
425,0,0,1 year mail print and digital,THE JOURNAL 12 MONTH,TJ,5D,12,M,MAIL99,M,Y,P,N,Y,,N,N,N,Y,Y,,0,S,0,0,20,0,0,S,0,0,7,Y,3,Y,10,Y,17,Y,20,Y,13,Y,6,,I,50,,,,,,,,445,3/5/24,0,249.99,249.99,0,0,0.957816,0.957816,0.957816,0.957816,0.957816,0
426,0,0,Free trial online only,THE JOURNAL 1 MONTH,TJ,5D,1,M,FRDG99,I,Y,CO,N,Y,,N,N,N,Y,Y,,0,S,0,0,0,0,0,S,0,0,0,Y,0,Y,0,Y,0,Y,0,Y,12,Y,6,,N,0,,,,,,,,446,3/12/24,0,0,0,0,0,0,0,0,0,0,0
442,1,412,$99 Print & HD for a year,The Journal 1 Year,TJ,5D,1,Y,RN0099,C,Y,P,N,Y,,N,Y,Y,Y,N,20,0,S,0,0,7,0,0,S,0,0,7,Y,3,Y,10,Y,17,Y,20,Y,13,Y,6,,N,0,,,,,,,,452,9/18/24,0,99,99,0,0,0.3807,0.3807,0.3807,0.3807,0.3807,0
443,0,0,2025 Price Inc Fallback Rate $209.99,NOT FOR PUBLIC,TJ,5D,12,M,FB12M25,C,Y,P,N,Y,,N,Y,N,Y,N,,0,S,0,0,7,0,0,S,0,0,7,Y,3,Y,10,Y,17,Y,20,Y,13,Y,6,,N,0,,,,,,,,453,11/11/24,0,209.99,209.99,0,0,0.804559,0.804559,0.804559,0.804559,0.804559,0
707,0,0,Digital Only 1M $11.99,not for public,TJ,5D,1,M,DIGI1199,I,Y,P,E,Y,,N,Y,N,Y,N,20,0,S,0,0,7,0,0,S,0,0,7,Y,3,Y,10,Y,17,Y,20,Y,13,Y,6,,N,0,,,,,,,,908,1/20/25,0,11.99,11.99,0,0,0.551264,0.551264,0.551264,0.551264,0.551264,0
708,0,0,2025 12M Fallback Digital Rate,2025 12M Fallback Digital Rate,TJ,5D,12,M,DIGI129,I,Y,P,N,Y,,N,Y,N,Y,N,,42,S,0,0,7,0,0,S,0,0,7,Y,3,Y,10,Y,17,Y,20,Y,13,Y,6,,N,0,,,,,,,,909,1/20/25,0,129.99,129.99,0,0,0.498046,0.498046,0.498046,0.498046,0.498046,0
709,0,0,$99 Annual digital rate,NOT FOR PUBLIC,TJ,5D,12,M,DIGI99,I,Y,P,N,Y,,N,Y,N,Y,N,,42,S,0,0,7,0,0,S,0,0,7,Y,3,Y,10,Y,17,Y,20,Y,13,Y,6,,N,0,,,,,,,,910,1/20/25,0,99.99,99.99,0,0,0.383103,0.383103,0.383103,0.383103,0.383103,0
710,0,0,OUT OF COUNTY 6M MAIL,6 MONTHS OUT OF COUNTY MAIL DELIVERY,TJ,WA,6,M,OOC25,M,Y,P,N,Y,,N,Y,N,Y,N,,34,S,0,0,7,0,0,S,0,0,7,Y,3,Y,10,Y,17,Y,20,Y,13,Y,6,,N,0,,,,,,,,911,1/20/25,0,135.49,135.49,0,0,0,2.595594,0,0,2.595594,0
711,0,0,OUT OF COUNTY 3M MAIL,"OUT OF COUNTY MAIL, 3 MONTHS FOR $65.99",TJ,WA,3,M,OOC25,M,Y,P,N,Y,,N,Y,N,Y,N,,0,S,0,0,7,0,0,S,0,0,7,Y,3,Y,10,Y,17,Y,20,Y,13,Y,6,,N,0,,,,,,,,912,1/20/25,0,65.99,65.99,0,0,0,2.528352,0,0,2.528352,0
712,0,0,WED AND SAT EDITIONS ONLY,NOT FOR PUBLIC - 3M 2 DAY MAIL,TJ,WA,3,M,PRNTONLY,M,Y,P,N,Y,,N,Y,N,Y,N,,14,S,0,0,7,0,0,S,0,0,7,N,,N,,N,,Y,16,Y,8,N,,,N,0,,,,,,,,913,1/20/25,0,39.99,39.99,0,0,0,1.532184,0,0,1.532184,0
699,1,313,2025 25% DIRECT MAIL OFFER,2025 25% DIRECT MAIL OFFER,TR,WS,1,Y,MAIL,M,Y,P,N,N,,N,Y,Y,Y,N,,0,S,0,0,15,0,0,S,0,0,10,Y,3,Y,10,Y,17,Y,20,Y,13,Y,6,,N,0,,,,,,,,914,1/23/25,0,48.75,48.75,0,0,0,0.47,0,0,0.47,0
713,0,313,25% OFF JAN 2025 PROMO,25% OFF JAN 2025 PROMO,TR,WS,12,M,MAIL,M,Y,P,N,Y,,N,Y,Y,Y,N,TR01,0,S,0,0,15,0,0,S,0,0,10,Y,3,Y,10,Y,17,Y,20,Y,13,Y,6,,N,0,,,,,,,,915,1/23/25,0,48.75,48.75,0,0,0,0.47,0,0,0.47,0
714,0,0,WED AND SAT ONLY,Not for Public,TJ,WA,3,M,KK2DAY,C,Y,P,N,Y,,N,Y,N,Y,N,20,20,S,0,0,7,0,0,S,0,0,7,N,,N,,N,,Y,16,Y,8,N,,THF,I,42,,,,,,,,916,1/23/25,0,39.99,39.99,0,0,0,1.532184,0,0,1.532184,0
715,0,0,3 Month Keowee Key $44.99,not for public,TJ,WA,3,M,KK3M45,C,Y,P,N,Y,,N,Y,N,Y,N,,0,S,0,0,7,0,0,S,0,0,7,Y,3,Y,10,Y,17,Y,20,Y,13,Y,6,,I,0,,,,,,,,917,1/23/25,0,44.99,44.99,0,0,0,1.723755,0,0,1.723755,0
716,0,0,Keowee Key 3M HD 49.99,Keowee Key 3M HD 49.99,TJ,WA,3,M,KK3M50,C,Y,P,N,Y,,N,Y,N,Y,N,,20,S,0,0,7,0,0,S,0,0,7,Y,3,Y,10,Y,17,Y,20,Y,13,Y,6,,N,0,,,,,,,,918,1/23/25,0,49.99,49.99,0,0,0,1.915326,0,0,1.915326,0
717,0,0,Keowee Key 1M HD 14.99,not for public,TJ,WA,1,M,KK1M15,C,Y,P,E,Y,,N,Y,N,Y,N,,10,S,0,0,7,0,0,S,0,0,7,Y,3,Y,10,Y,17,Y,20,Y,13,Y,6,,N,0,,,,,,,,919,1/23/25,0,14.99,14.99,0,0,0,1.722989,0,0,1.722989,0
718,0,0,Keowee Key 1M HD 13.99,Keowee Key 1M HD 13.99,TJ,WA,1,M,KK12M14,C,Y,P,E,Y,,N,Y,N,Y,N,,10,S,0,0,7,0,0,S,0,0,7,Y,3,Y,10,Y,17,Y,20,Y,13,Y,6,,N,0,,,,,,,,920,1/23/25,0,13.99,13.99,0,0,0,1.608046,0,0,1.608046,0
719,0,0,Keowee Key HD 1M 12.99,NOT FOR PUBLIC,TJ,WA,1,M,KK1M13,C,Y,P,E,Y,,N,Y,N,Y,N,,20,S,0,0,7,0,0,S,0,0,7,Y,3,Y,10,Y,17,Y,20,Y,13,Y,6,,N,0,,,,,,,,921,1/23/25,0,12.99,12.99,0,0,0,1.493103,0,0,1.493103,0
720,0,0,WED AND SAT ONLY,Not for Public,TJ,WA,6,M,KK2DAY,C,Y,P,N,Y,,N,N,Y,Y,N,20,20,S,0,0,7,0,0,S,0,0,7,N,,N,,N,,Y,21,Y,10,N,0,,N,0,,,,,,,,922,1/23/25,0,69.99,69.99,0,0,0,1.340805,0,0,1.340805,0
721,0,0,WED AND SAT ONLY,Not for Public,TJ,WA,12,M,KK2DAY,C,Y,P,N,Y,,N,Y,N,Y,N,20,20,S,0,0,7,0,0,S,0,0,7,N,,N,,N,,Y,30,Y,10,N,,,N,0,,,,,,,,923,1/23/25,0,129.99,129.99,0,0,0,1.245115,0,0,1.245115,0
722,0,0,Hal's 6M Special,NOT FOR ONLINE,TJ,WA,6,M,HAL406M,M,Y,P,N,Y,,N,Y,Y,Y,N,,14,S,0,0,7,0,0,S,0,0,7,Y,3,Y,10,Y,17,Y,20,Y,13,Y,6,,N,0,,,,,,,,924,2/10/25,0,40,40,0,0,0,0.766284,0,0,0.766284,0
724,0,0,LANDER JOURNAL DIGITAL ONLY,LJ DIGITAL,LJ,WA,52,W,DIGITAL,I,Y,P,N,Y,,N,Y,Y,Y,N,LJ01,97,S,0,0,15,0,0,S,0,0,10,Y,3,Y,10,Y,17,Y,20,Y,13,Y,6,,N,0,,,,,,,,925,4/7/25,0,65,65,0,0,0,0.63,0,0,0.63,0
725,0,0,USE FOR 1M CASH PAYMENT ONLY,,TJ,5D,1,M,1MCASH,M,Y,P,N,Y,,N,Y,Y,Y,N,,0,S,0,0,14,0,0,S,0,0,14,Y,3,Y,10,Y,17,Y,20,Y,13,Y,6,,N,0,,,,,,,,926,6/23/25,0,15.99,15.99,0,0,1.88675,1.88675,1.88675,1.88675,1.88675,0
726,0,0,USE FOR 1M CASH FOR 2 DAYS ONLY!,USE FOR 1M CASH FOR 2 DAYS ONLY!,TJ,WA,1,M,1MCASH2D,M,Y,P,N,Y,,N,Y,Y,Y,N,,0,S,0,0,7,0,0,S,0,0,7,Y,3,Y,10,Y,17,Y,20,Y,13,Y,6,,N,0,,,,,,,,927,6/25/25,0,11.99,11.99,0,0,1.37,1.37,1.37,1.37,1.37,0
736,0,0,5 DAY DIGITAL ACCESS WITH 2 DAYS OF DELIVERY,,TJ,5D,3,M,KK5DAY,C,Y,P,N,Y,,N,Y,Y,Y,N,,0,S,0,0,7,0,0,S,0,0,7,N,,N,,N,,Y,16,Y,8,N,,,N,0,,,,,,,,938,7/7/25,0,59.99,59.99,0,0,0.92,0.92,0.92,0.92,0.92,0
737,0,0,5 DAY DIGITAL ACCESS WITH 2 DAYS OF DELIVERY,12M Keowee Key Home Delivery with Digital Accses,TJ,5D,12,M,KK5DAY,C,Y,P,N,Y,,N,Y,Y,Y,N,20,0,S,0,0,7,0,0,S,0,0,7,N,3,N,10,N,17,Y,30,Y,10,N,0,,N,0,,,,,,,,939,7/7/25,0,169.99,169.99,0,0,1.89,1.89,1.89,1.89,1.89,0
746,0,688,1 Year Special - TJ,1 Year Special - TJ,TJ,WA,52,W,MAIL,M,N,P,N,Y,,N,Y,Y,Y,N,,0,S,0,0,7,0,0,S,0,0,10,Y,3,Y,10,Y,17,Y,20,Y,13,Y,6,,N,0,,,,,,,,947,7/17/25,0,99,99,0,0,0,49.5,0,0,49.5,0
749,1,338,LANDER JOURNAL 52W Stay & Save - 1 free month,LANDER JOURNAL 52W Stay & Save - 1 free month,LJ,WS,1,M,SOFF1,M,Y,CO,N,Y,,Y,Y,Y,Y,N,,0,S,0,0,15,0,0,S,0,0,10,Y,3,Y,10,Y,17,Y,20,Y,13,Y,6,,N,0,,,,,,,,948,7/18/25,0,5.42,5.42,0,0,0,0.6226,0,0,0.6226,0
751,1,313,THE RANGER - 52W -STAY & SAVE - 1 MONTH FREE,THE RANGER - 52W -STAY & SAVE - 1 MONTH FREE,TR,WS,1,M,SOFF3,M,Y,CO,N,Y,,Y,Y,Y,Y,N,,0,S,0,0,0,0,0,S,0,0,0,N,,N,,N,,N,,N,,N,,,N,0,,,,,,,,951,7/19/25,0,0,0,0,0,0,0,0,0,0,0
750,1,337,LANDER JOURNAL 26W Stay & Save - 1 free month,LANDER JOURNAL 26W Stay & Save - 1 free month,LJ,WS,1,M,SOFF2,M,Y,CO,N,Y,,Y,Y,Y,Y,N,,0,S,0,0,15,0,0,S,0,0,10,Y,3,Y,10,Y,17,Y,20,Y,13,Y,6,,N,0,,,,,,,,950,7/18/25,0,0,0,0,0,0,0,0,0,0,0
752,1,312,THE RANGER - 26W -STAY & SAVE - 1 MONTH FREE,THE RANGER - 26W -STAY & SAVE - 1 MONTH FREE,TR,WS,1,M,SOFF4,M,Y,CO,N,Y,,Y,Y,Y,Y,N,,0,S,0,0,0,0,0,S,0,0,0,N,,N,,N,,N,,N,,N,,,N,0,,,,,,,,952,7/19/25,0,0,0,0,0,0,0,0,0,0,0
753,1,216,ADVERTISER - 52W -STAY & SAVE - 1M FREE - MAIL,ADVERTISER - 52W -STAY & SAVE - 1M FREE - MAIL,TA,WO,1,M,SOFF5,M,Y,CO,N,Y,,Y,Y,Y,Y,N,,0,S,0,0,0,0,0,S,0,0,0,N,,N,,N,,N,,N,,N,,,N,0,,,,,,,,953,7/19/25,0,0,0,0,0,0,0,0,0,0,0
754,1,217,ADVERTISER - 6M -STAY & SAVE - 1M FREE - MAIL,ADVERTISER - 6M -STAY & SAVE - 1M FREE - MAIL,TA,WO,1,M,SOFF6,M,Y,CO,N,Y,,Y,Y,Y,Y,N,,0,S,0,0,0,0,0,S,0,0,0,N,,N,,N,,N,,N,,N,,,N,0,,,,,,,,954,7/20/25,0,0,0,0,0,0,0,0,0,0,0
755,1,218,ADVERTISER - 3M -STAY & SAVE - 1M FREE - MAIL,ADVERTISER - 3M -STAY & SAVE - 1M FREE - MAIL,TA,WO,1,M,SOFF7,M,Y,CO,N,Y,,Y,Y,Y,Y,N,,0,S,0,0,0,0,0,S,0,0,0,N,,N,,N,,N,,N,,N,,,N,0,,,,,,,,955,7/20/25,0,0,0,0,0,0,0,0,0,0,0
216,0,0,12 Months - Advertiser - CASH,THE ADVERTISER 12 MONTH,TA,WO,12,M,MAIL,M,Y,P,N,Y,,Y,Y,Y,Y,N,TAMS,14,S,0,0,5,0,0,S,0,0,0,Y,1,N,0,N,0,Y,90,Y,15,Y,15,,N,0,TA03,TA03,TA03,TA03,TA03,TA03,TA03,259,1/1/21,0,52,52,0,0,0,1,0,0,0,0
147,0,0,ONE Week PURCHASE,ONE Week PURCHASE,TJ,5D,1,W,SDPH,I,Y,P,C,Y,,Y,N,N,N,N,20,42,S,0,0,0,0,0,S,0,0,0,N,3,N,10,N,17,N,20,N,13,N,6,,N,0,,,,,,,,258,7/24/21,0,6.29,6.29,0,0,1.258,1.258,1.258,1.258,1.258,0
217,0,0,6 Months - Advertiser,THE ADVERTISER 6 MONTH,TA,WO,6,M,MAIL,M,Y,P,N,Y,,Y,Y,Y,Y,N,TAMS,14,S,0,0,5,0,0,S,0,0,0,Y,1,N,0,N,0,Y,90,Y,45,Y,15,,N,0,TA03,TA03,TA03,TA03,TA03,TA03,TA03,260,1/1/21,0,26.95,26.95,0,0,0,1.036538,0,0,0,0
218,0,0,3 Months - Advertiser,THE ADVERTISER 3 MONTH,TA,WO,3,M,MAIL,M,Y,P,N,Y,,Y,Y,Y,Y,N,TAMS,14,S,0,0,5,0,0,S,0,0,0,Y,1,N,0,N,0,Y,45,Y,15,N,0,,N,0,TA03,TA03,TA03,TA03,TA03,TA03,TA03,291,1/1/21,0,14.95,14.95,0,0,0,1.15,0,0,0,0
219,0,0,1 Months - Advertiser,THE ADVERTISER 1 MONTH,TA,WO,1,M,MAIL,M,Y,P,N,Y,,N,N,N,N,N,TAMS,14,S,0,0,5,0,0,S,0,0,0,Y,1,N,0,N,0,Y,20,Y,5,N,0,,N,0,TA03,TA03,TA03,TA03,TA03,TA03,TA03,292,1/1/21,0,7.95,7.95,0,0,0,1.9875,0,0,0,0
220,0,0,12 Months - Advertiser Comp,THE ADVERTISER 12 MONTH,TA,WO,12,M,MAIL,M,Y,CO,N,Y,,Y,Y,Y,Y,N,TAMS,14,S,0,0,5,0,0,S,0,0,0,Y,1,N,0,N,0,Y,90,Y,45,Y,15,,N,0,TA03,TA03,TA03,TA03,TA03,TA03,TA03,293,1/1/21,0,0,0,0,0,0,0,0,0,0,0
221,0,0,12 Months - Advertiser Digital,THE ADVERTISER 12 MONTH,TA,WO,12,M,DIGITAL,I,Y,P,N,Y,,Y,Y,Y,Y,N,TAMS,98,S,0,0,5,0,0,S,0,0,5,Y,1,Y,21,Y,42,Y,84,Y,42,Y,21,,N,0,TA03,TA03,TA03,TA03,TA03,TA03,TA03,294,5/30/21,0,52,52,0,0,0,1,0,0,0,0
222,0,0,12 Months - Advertiser Senior,THE ADVERTISER 12 MONTH,TA,WO,12,M,SENIOR,M,Y,P,N,Y,,Y,Y,Y,Y,N,TAMS,14,S,0,0,5,0,0,S,0,0,0,Y,1,N,0,N,0,Y,90,Y,45,Y,15,,N,0,TA03,TA03,TA03,TA03,TA03,TA03,TA03,295,5/31/21,0,44,44,0,0,0,0.846154,0,0,0,0
114,0,0,EZPAY Subscription,THE JOURNAL 1 MONTH AUTO RENEW,TJ,5D,1,M,CD14,C,Y,P,E,N,,N,N,N,Y,N,20,0,S,1,0,7,15,15,S,1,0,7,N,1,N,14,N,28,N,41,N,10,N,0,,N,0,,,,,,,,296,10/17/22,0,14.99,14.99,0,0,0.689,0.689,0.689,0.689,0.689,0
101,0,0,1 Year Subscription,THE JOURNAL 1 YEAR,TJ,5D,1,Y,CD01,C,Y,P,N,N,,N,N,N,N,N,20,0,S,1,0,7,0,0,S,1,0,7,Y,3,N,14,N,28,Y,41,Y,21,Y,7,,N,0,,,,,,,,297,10/17/22,0,159.99,159.99,0,0,0.614,0.614,0.614,0.614,0.614,0
109,0,0,3-Month Subscription,THE JOURNAL 3 MONTH,TJ,5D,3,M,CD01,C,Y,P,N,N,8/7/25,N,N,N,Y,N,20,0,S,1,0,7,0,0,S,1,0,7,Y,1,N,14,N,28,Y,41,Y,10,Y,0,,N,0,,,,,,,,298,10/17/22,0,54.99,54.99,0,0,0.843,0.843,0.843,0.843,0.843,0
141,0,0,1 Year Online Only,THE JOURNAL 1 YEAR,TJ,5D,1,Y,1YON,I,Y,P,N,Y,,N,N,N,Y,N,20,0,S,0,0,7,0,0,S,0,0,7,Y,3,Y,10,Y,17,Y,20,Y,13,Y,6,,N,0,,,,,,,,299,10/17/22,0,159.99,159.99,0,0,0.61366,0.61366,0.61366,0.61366,0.61366,0
149,0,0,3-Month Online Only,THE JOURNAL 3 MONTH,TJ,5D,3,M,CD01,I,Y,P,N,N,,N,Y,N,Y,N,20,0,S,0,0,7,0,0,S,0,0,7,Y,1,Y,14,Y,28,Y,41,Y,10,Y,0,,N,0,,,,,,,,300,10/17/22,0,54.99,54.99,0,0,0.842759,0.842759,0.842759,0.842759,0.842759,0
136,0,0,EZ Pay Monthly Online Only,THE JOURNAL 1 MONTH AUTO RENEW,TJ,5D,1,M,EZIN,I,Y,P,E,Y,,N,N,N,Y,N,20,0,S,0,0,7,0,0,S,0,0,7,N,3,N,10,N,17,N,20,N,13,N,6,,N,0,,,,,,,,301,10/17/22,0,14.99,14.99,0,0,0.689195,0.689195,0.689195,0.689195,0.689195,0
310,0,0,Ranger EZ Pay Mail,THE RANGER 1 MONTH AUTO RENEW,TR,WS,1,M,MAIL,M,Y,P,E,Y,,N,Y,Y,Y,N,TRMS,0,S,0,0,15,0,0,S,0,0,10,Y,3,Y,10,Y,17,Y,20,Y,13,Y,6,,N,0,,,,,,,,310,12/1/22,0,6.5,6.5,0,0,0,0.747126,0,0,0.747126,0
311,0,0,In County,In County,TR,WS,3,M,IC,M,Y,P,N,N,6/1/23,N,Y,Y,N,N,TRMS,0,S,0,0,15,0,0,S,0,0,10,Y,3,Y,10,Y,17,Y,20,Y,13,Y,6,,N,0,,,,,,,,311,12/1/22,0,18,18,0,0,0,0.6897,0,0,0.6897,0
312,0,0,Ranger 6 Month Mail - CASH,THE RANGER 6 MONTH,TR,WS,6,M,MAIL,M,Y,P,N,Y,,Y,Y,Y,Y,N,TRMS,0,S,0,0,15,0,0,S,0,0,10,Y,3,Y,10,Y,17,Y,20,Y,13,Y,6,,N,0,,,,,,,,312,12/1/22,0,34,34,0,0,0,0.6513,0,0,0.6513,0
313,0,0,Ranger 1 Year Mail - CASH,THE RANGER 1 YEAR,TR,WS,1,Y,MAIL,M,Y,P,N,Y,,Y,Y,Y,Y,N,TRMS,0,S,0,0,999,0,0,S,0,0,999,Y,3,Y,10,Y,17,Y,20,Y,13,Y,6,,N,0,,,,,,,,313,12/1/22,0,65,65,0,0,0,0.6226,0,0,0.6226,0
314,0,0,In County/Senior,In County/Senior,TR,WS,1,M,ICS,M,Y,P,N,N,6/1/23,N,Y,Y,N,N,TRMS,0,S,0,0,15,0,0,S,0,0,10,Y,3,Y,10,Y,17,Y,20,Y,13,Y,6,,N,0,,,,,,,,314,12/1/22,0,7.5,7.5,0,0,0,0.8621,0,0,0.8621,0
315,0,0,In County/Senior,In County/Senior,TR,WS,3,M,ICS,M,Y,P,N,N,6/1/23,N,Y,Y,N,N,TRMS,0,S,0,0,15,0,0,S,0,0,10,Y,3,Y,10,Y,17,Y,20,Y,13,Y,6,,N,0,,,,,,,,315,12/1/22,0,14,14,0,0,0,0.5364,0,0,0.5364,0
316,0,0,In County/Senior,In County/Senior,TR,WS,6,M,ICS,M,Y,P,N,N,6/1/23,N,Y,Y,N,N,TRMS,0,S,0,0,15,0,0,S,0,0,10,Y,3,Y,10,Y,17,Y,20,Y,13,Y,6,,N,0,,,,,,,,316,12/1/22,0,27,27,0,0,0,0.5172,0,0,0.5172,0
317,0,0,In County/Senior,In County/Senior,TR,WS,1,Y,ICS,M,Y,P,N,N,6/1/23,N,Y,Y,N,N,TRMS,0,S,0,0,15,0,0,S,0,0,10,Y,3,Y,10,Y,17,Y,20,Y,13,Y,6,,N,0,,,,,,,,317,12/1/22,0,52,52,0,0,0,0.4981,0,0,0.4981,0
318,0,0,Out County/In State,Out County/In State,TR,WS,1,M,OCIS,M,Y,P,N,N,6/1/23,N,Y,Y,N,N,TRMS,0,S,0,0,15,0,0,S,0,0,10,Y,3,Y,10,Y,17,Y,20,Y,13,Y,6,,N,0,,,,,,,,318,12/1/22,0,7.5,7.5,0,0,0,0.8621,0,0,0.8621,0
319,0,0,Out County/In State,Out County/In State,TR,WS,3,M,OCIS,M,Y,P,N,N,6/1/23,N,Y,Y,N,N,TRMS,0,S,0,0,15,0,0,S,0,0,10,Y,3,Y,10,Y,17,Y,20,Y,13,Y,6,,N,0,,,,,,,,319,12/1/22,0,21,21,0,0,0,0.8046,0,0,0.8046,0
320,0,0,Out County/In State,Out County/In State,TR,WS,6,M,OCIS,M,Y,P,N,N,6/1/23,N,Y,Y,N,N,TRMS,0,S,0,0,15,0,0,S,0,0,10,Y,3,Y,10,Y,17,Y,20,Y,13,Y,6,,N,0,,,,,,,,320,12/1/22,0,40,40,0,0,0,0.7663,0,0,0.7663,0
321,0,0,Out County/In State,Out County/In State,TR,WS,1,Y,OCIS,M,Y,P,N,N,6/1/23,N,Y,Y,N,N,TRMS,0,S,0,0,15,0,0,S,0,0,10,Y,3,Y,10,Y,17,Y,20,Y,13,Y,6,,N,0,,,,,,,,321,12/1/22,0,75,75,0,0,0,0.7184,0,0,0.7184,0
322,0,0,Outside State,Outside State,TR,WS,3,M,OS,M,Y,P,N,N,6/1/23,N,Y,Y,N,N,TRMS,0,S,0,0,15,0,0,S,0,0,10,Y,3,Y,10,Y,17,Y,20,Y,13,Y,6,,N,0,,,,,,,,322,12/1/22,0,21,21,0,0,0,0.8046,0,0,0.8046,0
323,0,0,Outside State,Outside State,TR,WS,6,M,OS,M,Y,P,N,N,6/1/23,N,Y,Y,N,N,TRMS,0,S,0,0,15,0,0,S,0,0,10,Y,3,Y,10,Y,17,Y,20,Y,13,Y,6,,N,0,,,,,,,,323,12/1/22,0,40,40,0,0,0,0.7663,0,0,0.7663,0
324,0,0,Outside State,Outside State,TR,WS,1,Y,OS,M,Y,P,N,N,6/1/23,N,Y,Y,N,N,TRMS,0,S,0,0,15,0,0,S,0,0,10,Y,3,Y,10,Y,17,Y,20,Y,13,Y,6,,N,0,,,,,,,,324,12/1/22,0,75,75,0,0,0,0.7184,0,0,0.7184,0
325,0,0,Student,Student,TR,WS,9,M,STUDENT,M,Y,P,N,N,6/1/23,N,Y,Y,N,N,TRMS,0,S,0,0,15,0,0,S,0,0,10,Y,3,Y,10,Y,17,Y,20,Y,13,Y,6,,N,0,,,,,,,,325,12/1/22,0,35,35,0,0,0,0.447,0,0,0.447,0
326,0,0,Serviceman,Serviceman,TR,WS,1,Y,SERVICE,M,Y,P,N,N,6/1/23,N,Y,Y,N,N,TRMS,0,S,0,0,15,0,0,S,0,0,10,Y,3,Y,10,Y,17,Y,20,Y,13,Y,6,,N,0,,,,,,,,326,12/1/22,0,35,35,0,0,0,0.3352,0,0,0.3352,0
327,0,0,Lander Journal  EZ Pay Carrier,LANDER JOURNAL 1 MONTH AUTO RENEW,LJ,WS,1,M,CARR,C,Y,P,E,Y,,N,Y,Y,Y,N,TRMS,0,S,0,0,15,0,0,S,0,0,10,Y,3,Y,10,Y,17,Y,20,Y,13,Y,6,,N,0,,,,,,,,327,12/1/22,0,6.5,6.5,0,0,0,0.747126,0,0,0.747126,0
328,0,0,In County,In County,LJ,WS,3,M,IC,C,Y,P,N,N,6/1/23,N,Y,Y,N,N,TRMS,0,S,0,0,15,0,0,S,0,0,10,Y,3,Y,10,Y,17,Y,20,Y,13,Y,6,,N,0,,,,,,,,328,12/1/22,0,18,18,0,0,0,0.6897,0,0,0.6897,0
329,0,0,Lander Journal 6 Month Carrier,LANDER JOURNAL 6 MONTH,LJ,WS,6,M,CARR,C,Y,P,N,Y,,N,Y,Y,Y,N,TRMS,0,S,0,0,15,0,0,S,0,0,10,Y,3,Y,10,Y,17,Y,20,Y,13,Y,6,,N,0,,,,,,,,329,12/1/22,0,34,34,0,0,0,0.6513,0,0,0.6513,0
330,0,0,Lander Journal 1 Year Carrier,LANDER JOURNAL 1 YEAR,LJ,WS,1,Y,CARR,C,Y,P,N,Y,,N,Y,Y,Y,N,TRMS,0,S,0,0,999,0,0,S,0,0,999,Y,3,Y,10,Y,17,Y,20,Y,13,Y,6,,N,0,,,,,,,,330,12/1/22,0,65,65,0,0,0,0.6226,0,0,0.6226,0
331,0,0,In County/Senior,In County/Senior,LJ,WS,1,M,ICS,C,Y,P,N,N,6/1/23,N,Y,Y,N,N,TRMS,0,S,0,0,15,0,0,S,0,0,10,Y,3,Y,10,Y,17,Y,20,Y,13,Y,6,,N,0,,,,,,,,331,12/1/22,0,7.5,7.5,0,0,0,0.8621,0,0,0.8621,0
332,0,0,In County/Senior,In County/Senior,LJ,WS,3,M,ICS,C,Y,P,N,N,6/1/23,N,Y,Y,N,N,TRMS,0,S,0,0,15,0,0,S,0,0,10,Y,3,Y,10,Y,17,Y,20,Y,13,Y,6,,N,0,,,,,,,,332,12/1/22,0,14,14,0,0,0,0.5364,0,0,0.5364,0
333,0,0,In County/Senior,In County/Senior,LJ,WS,6,M,ICS,C,Y,P,N,N,6/1/23,N,Y,Y,N,N,TRMS,0,S,0,0,15,0,0,S,0,0,10,Y,3,Y,10,Y,17,Y,20,Y,13,Y,6,,N,0,,,,,,,,333,12/1/22,0,27,27,0,0,0,0.5172,0,0,0.5172,0
334,0,0,In County/Senior,In County/Senior,LJ,WS,1,Y,ICS,C,Y,P,N,N,6/1/23,N,Y,Y,N,N,TRMS,0,S,0,0,15,0,0,S,0,0,10,Y,3,Y,10,Y,17,Y,20,Y,13,Y,6,,N,0,,,,,,,,334,12/1/22,0,52,52,0,0,0,0.4981,0,0,0.4981,0
335,0,0,Lander Journal EZ Pay Mail,LANDER JOURNAL 1 MONTH AUTO RENEW,LJ,WS,1,M,MAIL,M,Y,P,E,Y,,N,Y,Y,Y,N,TRMS,0,S,0,0,15,0,0,S,0,0,10,Y,3,Y,10,Y,17,Y,20,Y,13,Y,6,,N,0,,,,,,,,335,12/1/22,0,6.5,6.5,0,0,0,0.747126,0,0,0.747126,0
336,0,0,In County,In County,LJ,WS,3,M,IC,M,Y,P,N,N,6/1/23,N,Y,Y,N,N,TRMS,0,S,0,0,15,0,0,S,0,0,10,Y,3,Y,10,Y,17,Y,20,Y,13,Y,6,,N,0,,,,,,,,336,12/1/22,0,18,18,0,0,0,0.6897,0,0,0.6897,0
337,0,0,Lander Journal 6 Month Mail,LANDER JOURNAL 6 MONTH,LJ,WS,6,M,MAIL,M,Y,P,N,Y,,Y,Y,Y,Y,N,TRMS,0,S,0,0,15,0,0,S,0,0,10,Y,3,Y,10,Y,17,Y,20,Y,13,Y,6,,N,0,,,,,,,,337,12/1/22,0,34,34,0,0,0,0.6513,0,0,0.6513,0
338,0,0,Lander Journal 1 Year Mail,LANDER JOURNAL 1 YEAR,LJ,WS,1,Y,MAIL,M,Y,P,N,Y,,Y,Y,Y,Y,N,TRMS,0,S,0,0,999,0,0,S,0,0,999,Y,3,Y,10,Y,17,Y,20,Y,13,Y,6,,N,0,,,,,,,,338,12/1/22,0,65,65,0,0,0,0.6226,0,0,0.6226,0
339,0,0,In County/Senior,In County/Senior,LJ,WS,1,M,ICS,M,Y,P,N,N,6/1/23,N,Y,Y,N,N,TRMS,0,S,0,0,15,0,0,S,0,0,10,Y,3,Y,10,Y,17,Y,20,Y,13,Y,6,,N,0,,,,,,,,339,12/1/22,0,7.5,7.5,0,0,0,0.8621,0,0,0.8621,0
340,0,0,In County/Senior,In County/Senior,LJ,WS,3,M,ICS,M,Y,P,N,N,6/1/23,N,Y,Y,N,N,TRMS,0,S,0,0,15,0,0,S,0,0,10,Y,3,Y,10,Y,17,Y,20,Y,13,Y,6,,N,0,,,,,,,,340,12/1/22,0,14,14,0,0,0,0.5364,0,0,0.5364,0
341,0,0,In County/Senior,In County/Senior,LJ,WS,6,M,ICS,M,Y,P,N,N,6/1/23,N,Y,Y,N,N,TRMS,0,S,0,0,15,0,0,S,0,0,10,Y,3,Y,10,Y,17,Y,20,Y,13,Y,6,,N,0,,,,,,,,341,12/1/22,0,27,27,0,0,0,0.5172,0,0,0.5172,0
342,0,0,In County/Senior,In County/Senior,LJ,WS,1,Y,ICS,M,Y,P,N,N,6/1/23,N,Y,Y,N,N,TRMS,0,S,0,0,15,0,0,S,0,0,10,Y,3,Y,10,Y,17,Y,20,Y,13,Y,6,,N,0,,,,,,,,342,12/1/22,0,52,52,0,0,0,0.4981,0,0,0.4981,0
343,0,0,Out County/Out State,Out County/Out State,LJ,WS,1,M,OCS,M,Y,P,N,N,6/1/23,N,Y,Y,N,N,TRMS,0,S,0,0,15,0,0,S,0,0,10,Y,3,Y,10,Y,17,Y,20,Y,13,Y,6,,N,0,,,,,,,,343,12/1/22,0,9,9,0,0,0,1.0345,0,0,1.0345,0
344,0,0,Out County/Out State,Out County/Out State,LJ,WS,3,M,OCS,M,Y,P,N,N,6/1/23,N,Y,Y,N,N,TRMS,0,S,0,0,15,0,0,S,0,0,10,Y,3,Y,10,Y,17,Y,20,Y,13,Y,6,,N,0,,,,,,,,344,12/1/22,0,21,21,0,0,0,0.8046,0,0,0.8046,0
345,0,0,Out County/Out State,Out County/Out State,LJ,WS,6,M,OCS,M,Y,P,N,N,6/1/23,N,Y,Y,N,N,TRMS,0,S,0,0,15,0,0,S,0,0,10,Y,3,Y,10,Y,17,Y,20,Y,13,Y,6,,N,0,,,,,,,,345,12/1/22,0,40,40,0,0,0,0.7663,0,0,0.7663,0
346,0,0,Out County/Out State,Out County/Out State,LJ,WS,1,Y,OCS,M,Y,P,N,N,6/1/23,N,Y,Y,N,N,TRMS,0,S,0,0,15,0,0,S,0,0,10,Y,3,Y,10,Y,17,Y,20,Y,13,Y,6,,N,0,,,,,,,,346,12/1/22,0,75,75,0,0,0,0.7184,0,0,0.7184,0
347,0,0,In County,In County,WRN,THU,6,M,IC,M,Y,P,N,N,6/1/23,N,Y,Y,N,N,TRMS,0,S,0,0,15,0,0,S,0,0,10,Y,3,Y,10,Y,17,Y,20,Y,13,Y,6,,N,0,,,,,,,,347,12/1/22,0,11.75,11.75,0,0,0,0,0.4502,0,0,0
348,0,0,In County,In County,WRN,THU,1,Y,IC,M,Y,P,N,N,6/1/23,N,Y,Y,N,N,TRMS,0,S,0,0,15,0,0,S,0,0,10,Y,3,Y,10,Y,17,Y,20,Y,13,Y,6,,N,0,,,,,,,,348,12/1/22,0,18.75,18.75,0,0,0,0,0.3592,0,0,0
349,0,0,Out County/State,Out County/State,WRN,THU,6,M,OCS,M,Y,P,N,N,6/1/23,N,Y,Y,N,N,TRMS,0,S,0,0,15,0,0,S,0,0,10,Y,3,Y,10,Y,17,Y,20,Y,13,Y,6,,N,0,,,,,,,,349,12/1/22,0,14.75,14.75,0,0,0,0,0.5651,0,0,0
350,0,0,WRN 1 Year Mail,WIND RIVER NEWS 1 YEAR,WRN,THU,1,Y,MAIL,M,Y,P,N,Y,,Y,Y,Y,Y,N,TRMS,0,S,0,0,999,0,0,S,0,0,999,Y,3,Y,10,Y,17,Y,20,Y,13,Y,6,,N,0,,,,,,,,350,12/1/22,0,35,35,0,0,0,0,0.6705,0,0,0
101,0,0,1 Year Subscription,THE JOURNAL 1 YEAR,TJ,5D,1,Y,CD01,C,Y,P,N,N,,N,N,N,N,N,20,0,S,1,0,7,0,0,S,1,0,7,Y,3,N,14,N,28,Y,41,Y,21,Y,7,,N,0,,,,,,,,261,10/24/21,0,154.99,154.99,0,0,0.593831,0.593831,0.593831,0.593831,0.593831,0
102,1,412,SPECIAL-CD03,THE JOURNAL 1 YEAR,TJ,5D,1,Y,CD02,C,Y,P,N,N,8/7/25,N,N,N,N,N,20,0,S,1,0,7,0,0,S,1,0,7,Y,1,N,14,N,28,Y,41,Y,10,Y,0,,N,0,,,,,,,,262,10/24/21,0,154.99,154.99,0,0,0.593831,0.593831,0.593831,0.593831,0.593831,0
103,1,102,SPECIAL-CD03,THE JOURNAL 1 YEAR,TJ,5D,1,Y,CD03,C,Y,P,N,N,8/7/25,N,N,N,Y,N,20,0,S,1,0,7,0,0,S,1,0,7,Y,1,N,14,N,28,Y,41,Y,10,Y,0,,N,0,,,,,,,,263,10/24/21,0,154.99,154.99,0,0,0.593831,0.593831,0.593831,0.593831,0.593831,0
104,1,103,SPECIAL-CD04,THE JOURNAL 1 YEAR,TJ,5D,1,Y,CD04,C,Y,P,N,N,8/7/25,N,N,N,Y,N,20,0,S,1,0,7,0,0,S,1,0,7,Y,1,N,14,N,28,Y,41,Y,10,Y,0,,N,0,,,,,,,,264,10/24/21,0,154.99,154.99,0,0,0.593831,0.593831,0.593831,0.593831,0.593831,0
105,1,104,SPECIAL-CD05,THE JOURNAL 1 YEAR,TJ,5D,1,Y,CD05,C,Y,P,N,N,8/7/25,N,N,N,Y,N,20,0,S,1,0,7,0,0,S,1,0,7,Y,1,N,14,N,28,Y,41,Y,10,Y,0,,N,0,,,,,,,,265,10/24/21,0,154.99,154.99,0,0,0.593831,0.593831,0.593831,0.593831,0.593831,0
107,0,0,6-Month Subscription,THE JOURNAL 6 MONTH,TJ,5D,6,M,CD01,C,Y,P,N,N,,N,N,N,Y,N,20,0,S,1,0,7,0,0,S,1,0,7,Y,1,N,14,N,28,Y,41,Y,10,Y,0,,N,0,,,,,,,,266,10/24/21,0,84.99,84.99,0,0,0.651264,0.651264,0.651264,0.651264,0.651264,0
109,0,0,3-Month Subscription,THE JOURNAL 3 MONTH,TJ,5D,3,M,CD01,C,Y,P,N,N,8/7/25,N,N,N,Y,N,20,0,S,1,0,7,0,0,S,1,0,7,Y,1,N,14,N,28,Y,41,Y,10,Y,0,,N,0,,,,,,,,267,10/24/21,0,49.99,49.99,0,0,0.76613,0.76613,0.76613,0.76613,0.76613,0
110,0,0,3 MO CARRIER DEL,THE JOURNAL 3 MONTH,TJ,5D,3,M,CD10,C,Y,P,N,N,8/7/25,N,N,N,Y,N,20,0,S,1,0,7,0,0,S,1,0,7,Y,1,N,14,N,28,Y,41,Y,10,Y,0,,N,0,,,,,,,,268,10/24/21,0,49.99,49.99,0,0,0.76613,0.76613,0.76613,0.76613,0.76613,0
111,0,0,3 MO CARRIER,THE JOURNAL 3 MONTH,TJ,5D,3,M,CD11,C,Y,P,N,N,8/7/25,N,N,N,Y,N,20,0,S,1,0,7,0,0,S,1,0,7,Y,1,N,14,N,28,Y,41,Y,10,Y,0,,N,0,,,,,,,,269,10/24/21,0,49.99,49.99,0,0,0.76613,0.76613,0.76613,0.76613,0.76613,0
112,0,0,3 MO ONLINE-CD12,THE JOURNAL 3 MONTH,TJ,5D,3,M,CD12,C,Y,P,N,N,8/7/25,N,N,N,Y,N,20,0,S,1,0,7,0,0,S,1,0,7,Y,1,N,14,N,28,Y,41,Y,10,Y,0,,N,0,,,,,,,,270,10/24/21,0,49.99,49.99,0,0,0.76613,0.76613,0.76613,0.76613,0.76613,0
113,0,0,1-Month Subscription,THE JOURNAL 1 MONTH,TJ,5D,1,M,CD13,C,Y,P,E,N,8/7/25,N,N,N,Y,N,20,0,S,1,0,7,0,0,S,1,0,7,Y,1,N,14,N,28,Y,41,Y,10,Y,0,,N,0,,,,,,,,271,10/24/21,0,16.99,16.99,0,0,0.781149,0.781149,0.781149,0.781149,0.781149,0
114,0,0,EZPAY Subscription,THE JOURNAL 1 MONTH AUTO RENEW,TJ,5D,1,M,CD14,C,Y,P,E,N,,N,N,N,Y,N,20,0,S,1,0,7,15,15,S,1,0,7,N,1,N,14,N,28,N,41,N,10,N,0,,N,0,,,,,,,,272,10/24/21,0,13.49,13.49,0,0,0.62023,0.62023,0.62023,0.62023,0.62023,0
122,0,0,MAIL . OUT COUNTY,THE JOURNAL 3 MONTH,TJ,5D,3,M,PO02,M,Y,P,N,N,7/28/25,N,N,N,Y,Y,20,0,S,1,0,0,0,0,S,1,0,0,Y,1,N,14,N,28,Y,41,Y,10,Y,0,,N,0,,,,,,,,273,10/24/21,0,59.99,59.99,0,0,0.919387,0.919387,0.919387,0.919387,0.919387,0
123,0,0,MAIL . IN COUNTY,THE JOURNAL 6 MONTH,TJ,5D,6,M,PO01,M,Y,P,N,N,8/7/25,N,N,N,Y,Y,20,0,S,1,0,0,0,0,S,1,0,0,Y,1,N,14,N,28,Y,41,Y,10,Y,0,,N,0,,,,,,,,274,10/24/21,0,229.99,229.99,0,0,1.762375,1.762375,1.762375,1.762375,1.762375,0
124,0,0,MAIL . OUT COUNTY,THE JOURNAL 6 MONTH,TJ,5D,6,M,CD01,M,Y,P,N,N,8/7/25,N,N,N,Y,Y,20,0,S,1,0,0,0,0,S,1,0,0,Y,1,N,14,N,28,Y,41,Y,10,Y,0,,N,0,,,,,,,,275,10/24/21,0,229.99,229.99,0,0,1.762375,1.762375,1.762375,1.762375,1.762375,0
125,0,0,MAIL . IN COUNTY,THE JOURNAL 1 YEAR,TJ,5D,1,Y,PO01,M,Y,P,N,N,8/7/25,N,N,N,Y,Y,20,0,S,1,0,0,0,0,S,1,0,0,Y,1,N,14,N,28,Y,41,Y,10,Y,0,,N,0,,,,,,,,276,10/24/21,0,229.99,229.99,0,0,0.881188,0.881188,0.881188,0.881188,0.881188,0
126,0,0,MAIL . OUT COUNTY,THE JOURNAL 1 YEAR,TJ,5D,1,Y,PO06,M,Y,P,N,N,8/7/25,N,N,N,Y,Y,20,0,S,1,0,0,0,0,S,1,0,0,Y,1,N,14,N,28,Y,41,Y,10,Y,0,,N,0,,,,,,,,277,10/24/21,0,229.99,229.99,0,0,0.881188,0.881188,0.881188,0.881188,0.881188,0
130,0,0,1 MO INTERNET ONLY,THE JOURNAL 1 MONTH,TJ,5D,1,M,OL01,I,Y,P,E,N,8/7/25,N,N,N,Y,N,60,42,S,0,0,7,0,0,S,0,0,7,Y,3,Y,10,Y,17,Y,20,Y,13,Y,6,,N,0,,,,,,,,278,10/24/21,0,16.99,16.99,0,0,0.781149,0.781149,0.781149,0.781149,0.781149,0
135,0,0,3 MO INTERNET,THE JOURNAL 3 MONTH,TJ,5D,3,M,PPIN,I,Y,P,N,N,8/7/25,N,N,N,Y,N,20,0,S,0,0,7,0,0,S,0,0,7,Y,3,Y,10,Y,17,Y,20,Y,13,Y,6,,N,0,,,,,,,,279,10/24/21,0,49.99,49.99,0,0,0.76613,0.76613,0.76613,0.76613,0.76613,0
136,0,0,EZ Pay Monthly Online Only,THE JOURNAL 1 MONTH AUTO RENEW,TJ,5D,1,M,EZIN,I,Y,P,E,Y,,N,N,N,Y,N,20,0,S,0,0,7,0,0,S,0,0,7,N,3,N,10,N,17,N,20,N,13,N,6,,N,0,,,,,,,,280,10/24/21,0,13.49,13.49,0,0,0.62023,0.62023,0.62023,0.62023,0.62023,0
140,0,0,6 MO INTERNET,THE JOURNAL 6 MONTH,TJ,5D,6,M,6MIN,I,Y,P,N,N,8/7/25,N,N,N,Y,Y,20,0,S,0,0,7,0,0,S,0,0,7,Y,3,Y,10,Y,17,Y,20,Y,13,Y,6,,N,0,,,,,,,,281,10/24/21,0,84.99,84.99,0,0,0.651264,0.651264,0.651264,0.651264,0.651264,0
141,0,0,1 Year Online Only,THE JOURNAL 1 YEAR,TJ,5D,1,Y,1YON,I,Y,P,N,Y,,N,N,N,Y,N,20,0,S,0,0,7,0,0,S,0,0,7,Y,3,Y,10,Y,17,Y,20,Y,13,Y,6,,N,0,,,,,,,,282,10/24/21,0,154.99,154.99,0,0,0.593831,0.593831,0.593831,0.593831,0.593831,0
149,0,0,3-Month Online Only,THE JOURNAL 3 MONTH,TJ,5D,3,M,CD01,I,Y,P,N,N,,N,Y,N,Y,N,20,0,S,0,0,7,0,0,S,0,0,7,Y,1,Y,14,Y,28,Y,41,Y,10,Y,0,,N,0,,,,,,,,283,10/24/21,0,49.99,49.99,0,0,0.76613,0.76613,0.76613,0.76613,0.76613,0
150,0,0,1-Month Online Only,THE JOURNAL 1 MONTH,TJ,5D,1,M,CD01,I,Y,P,E,N,,N,Y,N,Y,N,20,0,S,0,0,7,0,0,S,0,0,7,Y,1,Y,14,Y,28,Y,41,Y,10,Y,0,,N,0,,,,,,,,284,10/24/21,0,16.99,16.99,0,0,0.781149,0.781149,0.781149,0.781149,0.781149,0
151,0,0,6-Month Online Only,THE JOURNAL 6 MONTH,TJ,5D,6,M,CD01,I,Y,P,N,N,,N,N,N,Y,N,20,0,S,0,0,7,0,0,S,0,0,7,Y,1,Y,14,Y,28,Y,41,Y,10,Y,0,,N,0,,,,,,,,285,10/24/21,0,84.99,84.99,0,0,0.651264,0.651264,0.651264,0.651264,0.651264,0
154,0,0,Weekly Subscription Rate,THE JOURNAL 1 WEEK AUTO RENEW,TJ,5D,1,W,CD01,C,Y,P,B,N,,N,Y,N,Y,N,20,0,S,0,0,0,0,0,S,0,0,0,N,0,N,0,N,17,Y,3,Y,1,Y,0,,N,0,,,,,,,,286,10/24/21,0,6.29,6.29,0,0,1.258,1.258,1.258,1.258,1.258,0
157,1,104,"Special $59, 1-yr Subscription",THE JOURNAL 1 YEAR,TJ,5D,1,Y,CD08,C,Y,P,N,Y,11/29/17,N,N,N,Y,N,20,0,S,0,0,7,0,0,S,0,0,7,Y,1,Y,14,Y,28,Y,30,Y,14,Y,7,,N,0,,,,,,,,287,10/24/21,0,154.99,154.99,0,0,0.593831,0.593831,0.593831,0.593831,0.593831,0
176,0,0,3 MOS. COMP - WESTMINSTER & KEOWEE,THE JOURNAL 3 MONTH,TJ,5D,3,M,20,C,Y,CO,N,Y,8/7/25,N,Y,Y,Y,N,,0,S,0,0,7,0,0,S,0,0,7,Y,3,Y,10,Y,17,Y,20,Y,13,Y,6,,N,0,,,,,,,,288,10/24/21,0,49.99,49.99,0,0,0.76613,0.76613,0.76613,0.76613,0.76613,0
187,0,0,1 YEAR ADJUSTED DO NOT USE,THE JOURNAL 1 YEAR,TJ,5D,1,Y,CD03,C,Y,P,N,N,8/7/25,N,Y,Y,Y,N,,0,S,0,0,7,0,0,S,0,0,7,Y,3,Y,10,Y,17,Y,20,Y,13,Y,6,,N,0,,,,,,,,289,10/24/21,0,154.99,154.99,0,0,0.593831,0.593831,0.593831,0.593831,0.593831,0
189,0,0,3 MONTH ADJUSTED DO NOT USE,THE JOURNAL 3 MONTH,TJ,5D,3,M,CD04,C,Y,P,N,N,8/7/25,N,Y,Y,Y,N,,0,S,0,0,7,0,0,S,0,0,7,Y,3,Y,10,Y,17,Y,20,Y,13,Y,6,,N,0,,,,,,,,290,10/24/21,0,49.99,49.99,0,0,0.76613,0.76613,0.76613,0.76613,0.76613,0
352,0,0,Lander Journal - Complimentary - 1 Year Carrier,LANDER JOURNAL 1 YEAR,LJ,WS,1,Y,CARR,C,Y,CO,N,Y,,N,Y,Y,Y,N,,0,S,0,0,30,0,0,S,0,0,10,Y,3,Y,10,Y,17,Y,20,Y,13,Y,6,,N,0,,,,,,,,352,5/1/23,0,0,0,0,0,0,0,0,0,0,0
353,0,0,Lander Journal - Complimentary - 1 Year Mail,LANDER JOURNAL 1 YEAR,LJ,WS,1,Y,MAIL,M,Y,CO,N,Y,,N,Y,Y,Y,N,,0,S,0,0,30,0,0,S,0,0,10,Y,3,Y,10,Y,17,Y,20,Y,13,Y,6,,N,0,,,,,,,,353,5/1/23,0,0,0,0,0,0,0,0,0,0,0
354,0,0,WRN - Complimentary - 1 Year Mail,WIND RIVER NEWS 1 YEAR,WRN,THU,1,Y,MAIL,M,Y,CO,N,Y,,N,Y,Y,Y,N,TRMS,0,S,0,0,15,0,0,S,0,0,10,Y,3,Y,10,Y,17,Y,20,Y,13,Y,6,,N,0,,,,,,,,354,5/25/23,0,0,0,0,0,0,0,0,0,0,0
355,0,0,Ranger - Complimentary - 1 Year Mail,THE RANGER 1 YEAR,TR,WS,1,Y,MAIL,M,Y,CO,N,Y,,N,Y,Y,Y,N,TRMS,0,S,0,0,15,0,0,S,0,0,10,Y,3,Y,10,Y,17,Y,20,Y,13,Y,6,,N,0,,,,,,,,355,5/25/23,0,0,0,0,0,0,0,0,0,0,0
362,1,376,Buy One Get One Free 1month EZ Pay,THE JOURNAL 2 MONTH AUTO RENEW,TJ,5D,2,M,EZBOGOTJ,C,Y,P,E,N,,N,N,N,Y,Y,,10,S,1,0,7,0,0,S,1,0,7,N,3,N,10,N,17,N,20,N,13,N,6,,N,0,,,,,,,,362,7/13/23,0,14.99,14.99,0,0.3446,0.3446,0.3446,0.3446,0.3446,0.3446,0
362,1,376,Buy One Get One Free 1month EZ Pay,THE JOURNAL 2 MONTH AUTO RENEW,TJ,5D,2,M,EZBOGOTJ,C,Y,P,E,N,,N,N,N,Y,Y,,10,S,1,0,7,0,0,S,1,0,7,N,3,N,10,N,17,N,20,N,13,N,6,,N,0,,,,,,,,363,7/13/23,0,15.99,15.99,0,0,0.36759,0.36759,0.36759,0.36759,0.36759,0
217,0,0,6 Months - Advertiser,THE ADVERTISER 6 MONTH,TA,WO,6,M,MAIL,M,Y,P,N,Y,,Y,Y,Y,Y,N,TAMS,14,S,0,0,5,0,0,S,0,0,0,Y,1,N,0,N,0,Y,90,Y,45,Y,15,,N,0,TA03,TA03,TA03,TA03,TA03,TA03,TA03,372,9/1/23,0,39,39,0,0,0,1.494253,0,0,0,0
218,0,0,3 Months - Advertiser,THE ADVERTISER 3 MONTH,TA,WO,3,M,MAIL,M,Y,P,N,Y,,Y,Y,Y,Y,N,TAMS,14,S,0,0,5,0,0,S,0,0,0,Y,1,N,0,N,0,Y,45,Y,15,N,0,,N,0,TA03,TA03,TA03,TA03,TA03,TA03,TA03,373,9/1/23,0,24,24,0,0,0,1.83908,0,0,0,0
373,0,0,Lander Journal 1 Month Free,LANDER JOURNAL 1 MONTH,LJ,WS,1,M,MAIL,M,Y,CO,N,Y,,N,Y,Y,Y,N,,0,S,0,0,15,0,0,S,0,0,10,Y,3,Y,10,Y,17,Y,20,Y,13,Y,6,,N,0,,,,,,,,377,8/7/23,0,0,0,0,0,0,0,0,0,0,0
372,0,0,One Day Pass,THE ADVERTISER 1 DAY AUTO RENEW,TA,WO,1,D,DIGITAL,EC,Y,P,C,Y,,Y,Y,N,Y,N,TAMS,14,S,0,0,15,0,0,S,0,0,10,Y,3,Y,10,Y,17,Y,20,Y,13,Y,6,,N,0,TA03,TA03,TA03,TA03,TA03,TA03,TA03,375,7/28/23,0,5,5,0,0,0,5,0,0,0,0
374,0,0,The Ranger 1 Month Free,THE RANGER 1 MONTH,TR,WS,1,M,MAIL,M,Y,CO,N,Y,,N,Y,Y,Y,N,,0,S,0,0,15,0,0,S,0,0,10,Y,3,Y,10,Y,17,Y,20,Y,13,Y,6,,N,0,,,,,,,,378,8/7/23,0,0,0,0,0,0,0,0,0,0,0
375,0,0,WRN 1 Month Free,WIND RIVER NEWS 1 MONTH,WRN,THU,1,M,MAIL,M,Y,CO,N,Y,,N,Y,Y,Y,N,,0,S,0,0,15,0,0,S,0,0,10,Y,3,Y,10,Y,17,Y,20,Y,13,Y,6,,N,0,,,,,,,,379,8/7/23,0,0,0,0,0,0,0,0,0,0,0
362,1,376,Buy One Get One Free 1month EZ Pay,THE JOURNAL 2 MONTH AUTO RENEW,TJ,5D,2,M,EZBOGOTJ,C,Y,P,E,N,,N,N,N,Y,Y,,10,S,1,0,7,0,0,S,1,0,7,N,3,N,10,N,17,N,20,N,13,N,6,,N,0,,,,,,,,380,8/8/23,0,19.99,19.99,0,0,0.45954,0.45954,0.45954,0.45954,0.45954,0
376,0,0,EZ PAY 19.99,THE JOURNAL 1 MONTH AUTO RENEW,TJ,5D,1,M,CR0099,C,Y,P,E,N,,N,N,N,Y,Y,20,0,S,0,0,7,0,0,S,0,0,7,Y,3,Y,10,Y,17,Y,20,Y,13,Y,6,5D,I,50,,,,,,,,381,8/8/23,0,19.99,19.99,0,0,0.91908,0.91908,0.91908,0.91908,0.91908,0
377,0,0,3 MONTHS,THE JOURNAL 3 MONTH,TJ,5D,3,M,CR0099,C,Y,P,N,N,,N,N,N,Y,Y,20,0,S,0,0,7,0,0,S,0,0,7,Y,3,Y,10,Y,17,Y,20,Y,13,Y,6,,N,0,,,,,,,,382,8/8/23,0,55.99,55.99,0,0,0.85808,0.85808,0.85808,0.85808,0.85808,0
378,0,0,6 MONTH 99.99,THE JOURNAL 6 MONTH,TJ,5D,6,M,CR0099,C,Y,P,N,N,,N,N,N,Y,Y,20,0,S,0,0,7,0,0,S,0,0,7,Y,3,Y,10,Y,17,Y,20,Y,13,Y,6,,N,0,,,,,,,,383,8/8/23,0,99.99,99.99,0,0,0.76621,0.76621,0.76621,0.76621,0.76621,0
379,0,0,Print and Digital 1 year for $189.99,THE JOURNAL 12 MONTH,TJ,5D,12,M,CR0099,C,Y,P,N,N,,N,N,N,Y,Y,20,0,S,0,0,7,0,0,S,0,0,7,Y,3,Y,10,Y,17,Y,20,Y,13,Y,6,,N,0,,,,,,,,384,8/8/23,0,189.99,189.99,0,0,0.727931,0.727931,0.727931,0.727931,0.727931,0
362,1,376,Buy One Get One Free 1month EZ Pay,THE JOURNAL 2 MONTH AUTO RENEW,TJ,5D,2,M,EZBOGOTJ,C,Y,P,E,N,,N,N,N,Y,Y,,10,S,1,0,7,0,0,S,1,0,7,N,3,N,10,N,17,N,20,N,13,N,6,,N,0,,,,,,,,385,8/9/23,0,15.99,15.99,0,0,0.36759,0.36759,0.36759,0.36759,0.36759,0
382,0,376,BOGO for $19.99/2 months. Steps to $19.99/month.,THE JOURNAL 2 MONTH AUTO RENEW,TJ,5D,2,M,EZBOGO20,C,Y,P,N,N,,N,Y,Y,Y,Y,20,0,S,0,0,7,0,0,S,0,0,7,Y,3,Y,10,Y,15,Y,20,Y,15,Y,6,5D,I,50,,,,,,,,392,8/28/23,0,19.99,19.99,0,0,0.45954,0.45954,0.45954,0.45954,0.45954,0.45954
392,0,0,Digital NIE Only,THE JOURNAL 1 YEAR,TJ,5D,1,Y,DNIE23,I,N,CO,N,Y,,N,Y,Y,Y,Y,,35,E,0,0,1,0,0,E,0,0,1,N,3,N,10,N,17,N,20,N,13,N,6,,N,0,,,,,,,,402,10/6/23,0,0,0,0,0,0,0,0,0,0,0
402,0,0,DIGITAL ONLY EZ PAY 19.99,THE JOURNAL 1 MONTH AUTO RENEW,TJ,5D,1,M,DG0099,I,Y,P,E,N,,N,N,N,Y,Y,20,50,S,0,0,7,0,0,S,0,0,7,Y,3,Y,10,Y,17,Y,20,Y,13,Y,6,,N,0,,,,,,,,412,11/8/23,0,19.99,19.99,0,0,0.91908,0.91908,0.91908,0.91908,0.91908,0
403,0,0,DIGITAL ONLY 3 MONTHS,THE JOURNAL 3 MONTH,TJ,5D,3,M,DG0099,I,Y,P,N,N,,N,N,N,Y,Y,20,50,S,0,0,7,0,0,S,0,0,7,Y,3,Y,10,Y,17,Y,20,Y,13,Y,6,,N,0,,,,,,,,413,11/8/23,0,55.99,55.99,0,0,0.85808,0.85808,0.85808,0.85808,0.85808,0
404,0,0,DIGITAL ONLY 6 MONTHS,THE JOURNAL 6 MONTH,TJ,5D,6,M,DG0099,I,Y,P,N,N,,N,N,N,Y,Y,20,50,S,0,0,7,0,0,S,0,0,7,Y,3,Y,10,Y,17,Y,20,Y,13,Y,6,,N,0,,,,,,,,414,11/8/23,0,99.99,99.99,0,0.76621,0.76621,0.76621,0.76621,0.76621,0.76621,0
405,0,0,DIGITAL ONLY 1 YEAR,THE JOURNAL 12 MONTH,TJ,5D,12,M,DG0099,I,Y,P,N,N,,N,N,N,Y,Y,20,50,S,0,0,25,0,0,S,0,0,7,Y,3,Y,10,Y,17,Y,20,Y,13,Y,6,,N,0,,,,,,,,415,11/8/23,0,189.99,189.99,0,0,0.727931,0.727931,0.727931,0.727931,0.727931,0
406,0,402,DIGITAL BOGO for $19.99/2 months. Steps to $19.99/month.,THE JOURNAL 2 MONTH AUTO RENEW,TJ,5D,2,M,DG0099,I,Y,P,E,N,,N,N,N,Y,Y,20,50,S,0,0,1,0,0,S,0,0,7,Y,3,Y,10,Y,17,Y,20,Y,13,Y,6,,N,0,,,,,,,,416,11/8/23,0,19.99,19.99,0,0,0.45954,0.45954,0.45954,0.45954,0.45954,0
157,1,104,"Special $59, 1-yr Subscription",THE JOURNAL 1 YEAR,TJ,5D,1,Y,CD08,C,Y,P,N,Y,11/29/17,N,N,N,Y,N,20,0,S,0,0,7,0,0,S,0,0,7,Y,1,Y,14,Y,28,Y,30,Y,14,Y,7,,N,0,,,,,,,,156,2/27/17,0,59,59,0,0,0.226923,0.226923,0.226923,0.226923,0.226923,0
101,0,0,1 Year Subscription,THE JOURNAL 1 YEAR,TJ,5D,1,Y,CD01,C,Y,P,N,N,,N,N,N,N,N,20,0,S,1,0,7,0,0,S,1,0,7,Y,3,N,14,N,28,Y,41,Y,21,Y,7,,N,0,,,,,,,,166,9/13/18,0,129.99,129.99,0,0,0.5,0.5,0.5,0.5,0.5,0
158,0,0,$40 ULL Subscription,UPSTATE LAKE LIVING 1 YEAR,ULL,MF,1,Y,ULL4,M,Y,P,N,Y,,N,Y,N,Y,N,,0,S,0,0,15,0,0,S,0,0,10,Y,3,Y,10,Y,17,Y,20,Y,13,Y,6,,N,0,,,,,,,,160,3/2/17,0,40,40,0,10,10,10,10,10,10,0
102,1,412,SPECIAL-CD03,THE JOURNAL 1 YEAR,TJ,5D,1,Y,CD02,C,Y,P,N,N,8/7/25,N,N,N,N,N,20,0,S,1,0,7,0,0,S,1,0,7,Y,1,N,14,N,28,Y,41,Y,10,Y,0,,N,0,,,,,,,,167,9/15/18,0,124.99,124.99,0,0,0.4807,0.4807,0.4807,0.4807,0.4807,0
103,1,102,SPECIAL-CD03,THE JOURNAL 1 YEAR,TJ,5D,1,Y,CD03,C,Y,P,N,N,8/7/25,N,N,N,Y,N,20,0,S,1,0,7,0,0,S,1,0,7,Y,1,N,14,N,28,Y,41,Y,10,Y,0,,N,0,,,,,,,,168,9/15/18,0,114.99,114.99,0,0,0.4422,0.4422,0.4422,0.4422,0.4422,0
104,1,103,SPECIAL-CD04,THE JOURNAL 1 YEAR,TJ,5D,1,Y,CD04,C,Y,P,N,N,8/7/25,N,N,N,Y,N,20,0,S,1,0,7,0,0,S,1,0,7,Y,1,N,14,N,28,Y,41,Y,10,Y,0,,N,0,,,,,,,,169,9/15/18,0,99.99,99.99,0,0,0.3846,0.3846,0.3846,0.3846,0.3846,0
107,0,0,6-Month Subscription,THE JOURNAL 6 MONTH,TJ,5D,6,M,CD01,C,Y,P,N,N,,N,N,N,Y,N,20,0,S,1,0,7,0,0,S,1,0,7,Y,1,N,14,N,28,Y,41,Y,10,Y,0,,N,0,,,,,,,,170,9/13/18,0,69.99,69.99,0,0,0.538,0.538,0.538,0.538,0.538,0
109,0,0,3-Month Subscription,THE JOURNAL 3 MONTH,TJ,5D,3,M,CD01,C,Y,P,N,N,8/7/25,N,N,N,Y,N,20,0,S,1,0,7,0,0,S,1,0,7,Y,1,N,14,N,28,Y,41,Y,10,Y,0,,N,0,,,,,,,,171,9/13/18,0,39.99,39.99,0,0,0.615,0.615,0.615,0.615,0.615,0
149,0,0,3-Month Online Only,THE JOURNAL 3 MONTH,TJ,5D,3,M,CD01,I,Y,P,N,N,,N,Y,N,Y,N,20,0,S,0,0,7,0,0,S,0,0,7,Y,1,Y,14,Y,28,Y,41,Y,10,Y,0,,N,0,,,,,,,,172,9/13/18,0,39.99,39.99,0,0,0.615,0.615,0.615,0.615,0.615,0
157,1,104,"Special $59, 1-yr Subscription",THE JOURNAL 1 YEAR,TJ,5D,1,Y,CD08,C,Y,P,N,Y,11/29/17,N,N,N,Y,N,20,0,S,0,0,7,0,0,S,0,0,7,Y,1,Y,14,Y,28,Y,30,Y,14,Y,7,,N,0,,,,,,,,183,9/15/18,0,79.99,79.99,0,0,0.3077,0.3077,0.3077,0.3077,0.3077,0
126,0,0,MAIL . OUT COUNTY,THE JOURNAL 1 YEAR,TJ,5D,1,Y,PO06,M,Y,P,N,N,8/7/25,N,N,N,Y,Y,20,0,S,1,0,0,0,0,S,1,0,0,Y,1,N,14,N,28,Y,41,Y,10,Y,0,,N,0,,,,,,,,174,9/15/18,0,189.99,189.99,0,0,0.7307,0.7307,0.7307,0.7307,0.7307,0
125,0,0,MAIL . IN COUNTY,THE JOURNAL 1 YEAR,TJ,5D,1,Y,PO01,M,Y,P,N,N,8/7/25,N,N,N,Y,Y,20,0,S,1,0,0,0,0,S,1,0,0,Y,1,N,14,N,28,Y,41,Y,10,Y,0,,N,0,,,,,,,,175,9/15/18,0,189.99,189.99,0,0,0.7307,0.7307,0.7307,0.7307,0.7307,0
114,0,0,EZPAY Subscription,THE JOURNAL 1 MONTH AUTO RENEW,TJ,5D,1,M,CD14,C,Y,P,E,N,,N,N,N,Y,N,20,0,S,1,0,7,15,15,S,1,0,7,N,1,N,14,N,28,N,41,N,10,N,0,,N,0,,,,,,,,176,9/13/18,0,11.49,11.49,0,0,0.522,0.522,0.522,0.522,0.522,0
124,0,0,MAIL . OUT COUNTY,THE JOURNAL 6 MONTH,TJ,5D,6,M,CD01,M,Y,P,N,N,8/7/25,N,N,N,Y,Y,20,0,S,1,0,0,0,0,S,1,0,0,Y,1,N,14,N,28,Y,41,Y,10,Y,0,,N,0,,,,,,,,177,9/15/18,0,104.99,104.99,0,0,0.8076,0.8076,0.8076,0.8076,0.8076,0
123,0,0,MAIL . IN COUNTY,THE JOURNAL 6 MONTH,TJ,5D,6,M,PO01,M,Y,P,N,N,8/7/25,N,N,N,Y,Y,20,0,S,1,0,0,0,0,S,1,0,0,Y,1,N,14,N,28,Y,41,Y,10,Y,0,,N,0,,,,,,,,178,9/15/18,0,104.99,104.99,0,0,0.8076,0.8076,0.8076,0.8076,0.8076,0
122,0,0,MAIL . OUT COUNTY,THE JOURNAL 3 MONTH,TJ,5D,3,M,PO02,M,Y,P,N,N,7/28/25,N,N,N,Y,Y,20,0,S,1,0,0,0,0,S,1,0,0,Y,1,N,14,N,28,Y,41,Y,10,Y,0,,N,0,,,,,,,,179,9/15/18,0,54.99,54.99,0,0,0.846,0.846,0.846,0.846,0.846,0
113,0,0,1-Month Subscription,THE JOURNAL 1 MONTH,TJ,5D,1,M,CD13,C,Y,P,E,N,8/7/25,N,N,N,Y,N,20,0,S,1,0,7,0,0,S,1,0,7,Y,1,N,14,N,28,Y,41,Y,10,Y,0,,N,0,,,,,,,,180,9/13/18,0,16.99,16.99,0,0,0.772,0.772,0.772,0.772,0.772,0
130,0,0,1 MO INTERNET ONLY,THE JOURNAL 1 MONTH,TJ,5D,1,M,OL01,I,Y,P,E,N,8/7/25,N,N,N,Y,N,60,42,S,0,0,7,0,0,S,0,0,7,Y,3,Y,10,Y,17,Y,20,Y,13,Y,6,,N,0,,,,,,,,181,9/15/18,0,16.99,16.99,0,0,0.7723,0.7723,0.7723,0.7723,0.7723,0
112,0,0,3 MO ONLINE-CD12,THE JOURNAL 3 MONTH,TJ,5D,3,M,CD12,C,Y,P,N,N,8/7/25,N,N,N,Y,N,20,0,S,1,0,7,0,0,S,1,0,7,Y,1,N,14,N,28,Y,41,Y,10,Y,0,,N,0,,,,,,,,182,9/15/18,0,29.99,29.99,0,0,0.4614,0.4614,0.4614,0.4614,0.4614,0
116,0,0,PAYPAL CARRIER DELIVERED,THE JOURNAL 1 MONTH,TJ,5D,1,M,CD16,C,Y,P,N,N,7/28/25,N,N,N,Y,N,20,0,S,1,0,7,0,0,S,1,0,7,Y,1,N,14,N,28,Y,41,Y,10,Y,0,,N,0,,,,,,,,184,9/15/18,0,11.49,11.49,0,0,0.5223,0.5223,0.5223,0.5223,0.5223,0
138,0,0,PAYPAL INTERNET,PAYPAL INTERNET,TJ,5D,1,M,PPOL,I,Y,P,N,N,10/20/15,N,N,N,N,N,20,0,S,0,0,7,0,0,S,0,0,7,Y,3,Y,10,Y,17,Y,20,Y,13,Y,6,,N,0,,,,,,,,185,9/15/18,0,11.49,11.49,0,0,0.5223,0.5223,0.5223,0.5223,0.5223,0
141,0,0,1 Year Online Only,THE JOURNAL 1 YEAR,TJ,5D,1,Y,1YON,I,Y,P,N,Y,,N,N,N,Y,N,20,0,S,0,0,7,0,0,S,0,0,7,Y,3,Y,10,Y,17,Y,20,Y,13,Y,6,,N,0,,,,,,,,186,9/13/18,0,129.99,129.99,0,0,0.5,0.5,0.5,0.5,0.5,0
136,0,0,EZ Pay Monthly Online Only,THE JOURNAL 1 MONTH AUTO RENEW,TJ,5D,1,M,EZIN,I,Y,P,E,Y,,N,N,N,Y,N,20,0,S,0,0,7,0,0,S,0,0,7,N,3,N,10,N,17,N,20,N,13,N,6,,N,0,,,,,,,,187,9/14/18,0,11.49,11.49,0,0,0.52222,0.52222,0.52222,0.52222,0.52222,0
151,0,0,6-Month Online Only,THE JOURNAL 6 MONTH,TJ,5D,6,M,CD01,I,Y,P,N,N,,N,N,N,Y,N,20,0,S,0,0,7,0,0,S,0,0,7,Y,1,Y,14,Y,28,Y,41,Y,10,Y,0,,N,0,,,,,,,,188,9/14/18,0,69.99,69.99,0,0,0.53838,0.53838,0.53838,0.53838,0.53838,0
150,0,0,1-Month Online Only,THE JOURNAL 1 MONTH,TJ,5D,1,M,CD01,I,Y,P,E,N,,N,Y,N,Y,N,20,0,S,0,0,7,0,0,S,0,0,7,Y,1,Y,14,Y,28,Y,41,Y,10,Y,0,,N,0,,,,,,,,189,9/14/18,0,16.99,16.99,0,0,0.77227,0.77227,0.77227,0.77227,0.77227,0
166,0,0,EZ PAY MAIL *DO NOT USE,THE JOURNAL 1 MONTH,TJ,5D,1,M,34,M,Y,P,N,N,8/7/25,N,Y,N,Y,N,1,34,S,0,0,20,0,0,S,0,0,7,Y,3,Y,10,Y,17,Y,20,Y,13,Y,6,,N,0,,,,,,,,195,1/10/19,0,11.49,11.49,0,0,1.649,1.649,1.649,1.649,1.649,0
176,0,0,3 MOS. COMP - WESTMINSTER & KEOWEE,THE JOURNAL 3 MONTH,TJ,5D,3,M,20,C,Y,CO,N,Y,8/7/25,N,Y,Y,Y,N,,0,S,0,0,7,0,0,S,0,0,7,Y,3,Y,10,Y,17,Y,20,Y,13,Y,6,,N,0,,,,,,,,207,3/26/19,0,39.99,39.99,0,0,0.615,0.615,0.615,0.615,0.615,0
176,0,0,3 MOS. COMP - WESTMINSTER & KEOWEE,THE JOURNAL 3 MONTH,TJ,5D,3,M,20,C,Y,CO,N,Y,8/7/25,N,Y,Y,Y,N,,0,S,0,0,7,0,0,S,0,0,7,Y,3,Y,10,Y,17,Y,20,Y,13,Y,6,,N,0,,,,,,,,208,11/11/19,0,46.5,46.5,0,0,0.7153846,0.7153846,0.7153846,0.7153846,0.7153846,0
109,0,0,3-Month Subscription,THE JOURNAL 3 MONTH,TJ,5D,3,M,CD01,C,Y,P,N,N,8/7/25,N,N,N,Y,N,20,0,S,1,0,7,0,0,S,1,0,7,Y,1,N,14,N,28,Y,41,Y,10,Y,0,,N,0,,,,,,,,209,11/11/19,0,46.5,46.5,0,0,0.715385,0.715385,0.715385,0.715385,0.715385,0
107,0,0,6-Month Subscription,THE JOURNAL 6 MONTH,TJ,5D,6,M,CD01,C,Y,P,N,N,,N,N,N,Y,N,20,0,S,1,0,7,0,0,S,1,0,7,Y,1,N,14,N,28,Y,41,Y,10,Y,0,,N,0,,,,,,,,210,11/11/19,0,80.75,80.75,0,0,0.62115383,0.62115383,0.62115383,0.62115383,0.62115383,0
101,0,0,1 Year Subscription,THE JOURNAL 1 YEAR,TJ,5D,1,Y,CD01,C,Y,P,N,N,,N,N,N,N,N,20,0,S,1,0,7,0,0,S,1,0,7,Y,3,N,14,N,28,Y,41,Y,21,Y,7,,N,0,,,,,,,,211,11/11/19,0,149.99,149.99,0,0,0.576885,0.576885,0.576885,0.576885,0.576885,0
102,1,412,SPECIAL-CD03,THE JOURNAL 1 YEAR,TJ,5D,1,Y,CD02,C,Y,P,N,N,8/7/25,N,N,N,N,N,20,0,S,1,0,7,0,0,S,1,0,7,Y,1,N,14,N,28,Y,41,Y,10,Y,0,,N,0,,,,,,,,212,11/11/19,0,149.99,149.99,0,0,0.5768846,0.5768846,0.5768846,0.5768846,0.5768846,0
103,1,102,SPECIAL-CD03,THE JOURNAL 1 YEAR,TJ,5D,1,Y,CD03,C,Y,P,N,N,8/7/25,N,N,N,Y,N,20,0,S,1,0,7,0,0,S,1,0,7,Y,1,N,14,N,28,Y,41,Y,10,Y,0,,N,0,,,,,,,,213,11/11/19,0,149.99,149.99,0,0,0.5768846,0.5768846,0.5768846,0.5768846,0.5768846,0
104,1,103,SPECIAL-CD04,THE JOURNAL 1 YEAR,TJ,5D,1,Y,CD04,C,Y,P,N,N,8/7/25,N,N,N,Y,N,20,0,S,1,0,7,0,0,S,1,0,7,Y,1,N,14,N,28,Y,41,Y,10,Y,0,,N,0,,,,,,,,214,11/11/19,0,149.99,149.99,0,0,0.5768846,0.5768846,0.5768846,0.5768846,0.5768846,0
105,1,104,SPECIAL-CD05,THE JOURNAL 1 YEAR,TJ,5D,1,Y,CD05,C,Y,P,N,N,8/7/25,N,N,N,Y,N,20,0,S,1,0,7,0,0,S,1,0,7,Y,1,N,14,N,28,Y,41,Y,10,Y,0,,N,0,,,,,,,,215,11/11/19,0,149.99,149.99,0,0,0.5768846,0.5768846,0.5768846,0.5768846,0.5768846,0
106,0,0,SPECIAL-CD06,SPECIAL-CD06,TJ,5D,1,Y,CD06,C,Y,P,N,N,7/31/18,N,N,N,Y,N,20,0,S,1,0,7,0,0,S,1,0,7,Y,1,N,14,N,28,Y,41,Y,10,Y,0,,N,0,,,,,,,,216,11/11/19,0,149.99,149.99,0,0,0.5768846,0.5768846,0.5768846,0.5768846,0.5768846,0
157,1,104,"Special $59, 1-yr Subscription",THE JOURNAL 1 YEAR,TJ,5D,1,Y,CD08,C,Y,P,N,Y,11/29/17,N,N,N,Y,N,20,0,S,0,0,7,0,0,S,0,0,7,Y,1,Y,14,Y,28,Y,30,Y,14,Y,7,,N,0,,,,,,,,217,11/11/19,0,149.99,149.99,0,0,0.5768846,0.5768846,0.5768846,0.5768846,0.5768846,0
114,0,0,EZPAY Subscription,THE JOURNAL 1 MONTH AUTO RENEW,TJ,5D,1,M,CD14,C,Y,P,E,N,,N,N,N,Y,N,20,0,S,1,0,7,15,15,S,1,0,7,N,1,N,14,N,28,N,41,N,10,N,0,,N,0,,,,,,,,218,11/11/19,0,12.99,12.99,0,0,0.599538,0.599538,0.599538,0.599538,0.599538,0
141,0,0,1 Year Online Only,THE JOURNAL 1 YEAR,TJ,5D,1,Y,1YON,I,Y,P,N,Y,,N,N,N,Y,N,20,0,S,0,0,7,0,0,S,0,0,7,Y,3,Y,10,Y,17,Y,20,Y,13,Y,6,,N,0,,,,,,,,219,11/11/19,0,149.99,149.99,0,0,0.576885,0.576885,0.576885,0.576885,0.576885,0
149,0,0,3-Month Online Only,THE JOURNAL 3 MONTH,TJ,5D,3,M,CD01,I,Y,P,N,N,,N,Y,N,Y,N,20,0,S,0,0,7,0,0,S,0,0,7,Y,1,Y,14,Y,28,Y,41,Y,10,Y,0,,N,0,,,,,,,,220,11/11/19,0,46.5,46.5,0,0,0.715385,0.715385,0.715385,0.715385,0.715385,0
151,0,0,6-Month Online Only,THE JOURNAL 6 MONTH,TJ,5D,6,M,CD01,I,Y,P,N,N,,N,N,N,Y,N,20,0,S,0,0,7,0,0,S,0,0,7,Y,1,Y,14,Y,28,Y,41,Y,10,Y,0,,N,0,,,,,,,,221,11/11/19,0,80.75,80.75,0,0,0.62115383,0.62115383,0.62115383,0.62115383,0.62115383,0
136,0,0,EZ Pay Monthly Online Only,THE JOURNAL 1 MONTH AUTO RENEW,TJ,5D,1,M,EZIN,I,Y,P,E,Y,,N,N,N,Y,N,20,0,S,0,0,7,0,0,S,0,0,7,N,3,N,10,N,17,N,20,N,13,N,6,,N,0,,,,,,,,222,11/11/19,0,12.99,12.99,0,0,0.599538,0.599538,0.599538,0.599538,0.599538,0
124,0,0,MAIL . OUT COUNTY,THE JOURNAL 6 MONTH,TJ,5D,6,M,CD01,M,Y,P,N,N,8/7/25,N,N,N,Y,Y,20,0,S,1,0,0,0,0,S,1,0,0,Y,1,N,14,N,28,Y,41,Y,10,Y,0,,N,0,,,,,,,,223,11/11/19,0,219,219,0,0,0.8423077,0.8423077,0.8423077,0.8423077,0.8423077,0
123,0,0,MAIL . IN COUNTY,THE JOURNAL 6 MONTH,TJ,5D,6,M,PO01,M,Y,P,N,N,8/7/25,N,N,N,Y,Y,20,0,S,1,0,0,0,0,S,1,0,0,Y,1,N,14,N,28,Y,41,Y,10,Y,0,,N,0,,,,,,,,224,11/11/19,0,219,219,0,0,0.842308,0.842308,0.842308,0.842308,0.842308,0
125,0,0,MAIL . IN COUNTY,THE JOURNAL 1 YEAR,TJ,5D,1,Y,PO01,M,Y,P,N,N,8/7/25,N,N,N,Y,Y,20,0,S,1,0,0,0,0,S,1,0,0,Y,1,N,14,N,28,Y,41,Y,10,Y,0,,N,0,,,,,,,,225,11/11/19,0,219,219,0,0,0.8423077,0.8423077,0.8423077,0.8423077,0.8423077,0
126,0,0,MAIL . OUT COUNTY,THE JOURNAL 1 YEAR,TJ,5D,1,Y,PO06,M,Y,P,N,N,8/7/25,N,N,N,Y,Y,20,0,S,1,0,0,0,0,S,1,0,0,Y,1,N,14,N,28,Y,41,Y,10,Y,0,,N,0,,,,,,,,226,11/11/19,0,219,219,0,0,0.8423077,0.8423077,0.8423077,0.8423077,0.8423077,0
187,0,0,1 YEAR ADJUSTED DO NOT USE,THE JOURNAL 1 YEAR,TJ,5D,1,Y,CD03,C,Y,P,N,N,8/7/25,N,Y,Y,Y,N,,0,S,0,0,7,0,0,S,0,0,7,Y,3,Y,10,Y,17,Y,20,Y,13,Y,6,,N,0,,,,,,,,227,11/14/19,0,129.99,129.99,0,0,0.5,0.5,0.5,0.5,0.5,0
188,0,0,6 MONTH ADJUSTED DO NOT USE,DO NOT USE,TJ,5D,6,M,CD03,C,Y,P,N,N,2/1/20,N,Y,Y,N,N,,0,S,0,0,7,0,0,S,0,0,7,Y,3,Y,10,Y,17,Y,20,Y,13,Y,6,,N,0,,,,,,,,228,11/14/19,0,69.99,69.99,0,0,0.54,0.54,0.54,0.54,0.54,0
189,0,0,3 MONTH ADJUSTED DO NOT USE,THE JOURNAL 3 MONTH,TJ,5D,3,M,CD04,C,Y,P,N,N,8/7/25,N,Y,Y,Y,N,,0,S,0,0,7,0,0,S,0,0,7,Y,3,Y,10,Y,17,Y,20,Y,13,Y,6,,N,0,,,,,,,,229,11/14/19,0,39.99,39.99,0,0,0.615,0.615,0.615,0.615,0.615,0
196,0,0,Fayette News Annual,THE FAYETTE NEWS 1 YEAR,FN,FN,1,Y,IC,M,Y,P,N,Y,,N,N,Y,Y,N,FNSU,0,S,0,0,15,0,0,S,0,0,10,Y,3,Y,10,Y,17,Y,20,Y,13,Y,6,,N,0,FNSU,FNSU,FNSU,FNSU,FNSU,FNSU,FNSU,237,1/15/20,0,40,40,0,0,0,0.76923,0,0,0,0
197,0,0,FN Senior Rate,THE FAYETTE NEWS 52 WEEK,FN,FN,52,W,MAIL,M,Y,P,N,Y,,N,Y,Y,Y,N,FNSU,0,S,0,0,15,0,0,S,0,0,10,Y,3,Y,10,Y,17,Y,20,Y,13,Y,6,,N,0,FNSU,FNSU,FNSU,FNSU,FNSU,FNSU,FNSU,238,1/27/20,0,36,36,0,0,0,0.6923,0,0,0,0
206,0,0,FAYETTE NEWS 2 YEAR,THE FAYETTE NEWS 104 WEEK,FN,FN,104,W,IC,M,Y,P,N,Y,,N,N,Y,Y,N,FNSU,0,S,0,0,15,0,0,S,0,0,10,Y,3,Y,10,Y,17,Y,20,Y,13,Y,6,,N,0,,,,,,,,247,6/11/20,65,65,65,0,0,0,0.625,0,0,0,0