db_rowid,rr_code,rr_step,rr_next_step,rr_desc,rr_edition,rr_issue,rr_length,rr_len_type,rr_zone,rr_del_meth,rr_pay_meth,rr_easypay_meth,rr_act_ind,rr_inact_date,rr_ssm_allow,rr_econtent_allow,rr_promo_gl_acct,rr_new_grace_pol,rr_new_warn,rr_new_cc,rr_new_stop,rr_renew_grace_pol,rr_renew_warn,rr_renew_cc,rr_renew_stop,rr_advance,rr_arrears1,rr_arrears2,rr_arrears3,rr_renew1,rr_renew2,rr_renew3,rr_advance_days,rr_arrears1_days,rr_arrears2_days,rr_arrears3_days,rr_renew1_days,rr_renew2_days,rr_renew3_days,rr_abc_zone,rr_taxable,rr_alt_issue,rr_alt_del_meth,rr_alt_abc_zone,rr_new_bal_max,rr_renew_bal_max,rr_sun_rev_acct,rr_mon_rev_acct,rr_tue_rev_acct,rr_wed_rev_acct,rr_thu_rev_acct,rr_fri_rev_acct,rr_sat_rev_acct,rr_online_desc,rr_kiosk,rr_visible,rr_allow_pc
101,101,0,0,1 Year Subscription,TJ,5D,1,Y,CD01,C,P,N,N,,N,N,20,S,1,0,7,S,1,0,7,Y,Y,N,N,Y,Y,Y,0,3,14,28,41,21,7,0,N,,N,0,0,0,,,,,,,,THE JOURNAL 1 YEAR,N,N,Y
102,102,1,412,SPECIAL-CD03,TJ,5D,1,Y,CD02,C,P,N,N,8/7/25,N,N,20,S,1,0,7,S,1,0,7,Y,Y,N,N,Y,Y,Y,0,1,14,28,41,10,0,0,N,,N,0,0,0,,,,,,,,THE JOURNAL 1 YEAR,N,N,Y
103,103,1,102,SPECIAL-CD03,TJ,5D,1,Y,CD03,C,P,N,N,8/7/25,N,N,20,S,1,0,7,S,1,0,7,Y,Y,N,N,Y,Y,Y,0,1,14,28,41,10,0,0,N,,N,0,0,0,,,,,,,,THE JOURNAL 1 YEAR,N,Y,Y
104,104,1,103,SPECIAL-CD04,TJ,5D,1,Y,CD04,C,P,N,N,8/7/25,N,N,20,S,1,0,7,S,1,0,7,Y,Y,N,N,Y,Y,Y,0,1,14,28,41,10,0,0,N,,N,0,0,0,,,,,,,,THE JOURNAL 1 YEAR,N,Y,Y
105,105,1,104,SPECIAL-CD05,TJ,5D,1,Y,CD05,C,P,N,N,8/7/25,N,N,20,S,1,0,7,S,1,0,7,Y,Y,N,N,Y,Y,Y,0,1,14,28,41,10,0,0,N,,N,0,0,0,,,,,,,,THE JOURNAL 1 YEAR,N,Y,Y
106,106,0,0,SPECIAL-CD06,TJ,5D,1,Y,CD06,C,P,N,N,7/31/18,N,N,20,S,1,0,7,S,1,0,7,Y,Y,N,N,Y,Y,Y,0,1,14,28,41,10,0,0,N,,N,0,0,0,,,,,,,,SPECIAL-CD06,N,Y,Y
107,107,0,0,6-Month Subscription,TJ,5D,6,M,CD01,C,P,N,N,,N,N,20,S,1,0,7,S,1,0,7,Y,Y,N,N,Y,Y,Y,0,1,14,28,41,10,0,0,N,,N,0,0,0,,,,,,,,THE JOURNAL 6 MONTH,N,Y,Y
108,108,0,0,6 MO ONLINE,TJ,5D,6,M,CD08,I,P,N,N,12/4/15,N,N,20,S,1,0,7,S,1,0,7,Y,Y,N,N,Y,Y,Y,0,1,14,28,41,10,0,0,N,,N,0,0,0,,,,,,,,6 MO ONLINE,N,Y,Y
109,109,0,0,3-Month Subscription,TJ,5D,3,M,CD01,C,P,N,N,8/7/25,N,N,20,S,1,0,7,S,1,0,7,Y,Y,N,N,Y,Y,Y,0,1,14,28,41,10,0,0,N,,N,0,0,0,,,,,,,,THE JOURNAL 3 MONTH,N,Y,Y
110,110,0,0,3 MO CARRIER DEL,TJ,5D,3,M,CD10,C,P,N,N,8/7/25,N,N,20,S,1,0,7,S,1,0,7,Y,Y,N,N,Y,Y,Y,0,1,14,28,41,10,0,0,N,,N,0,0,0,,,,,,,,THE JOURNAL 3 MONTH,N,Y,Y
111,111,0,0,3 MO CARRIER,TJ,5D,3,M,CD11,C,P,N,N,8/7/25,N,N,20,S,1,0,7,S,1,0,7,Y,Y,N,N,Y,Y,Y,0,1,14,28,41,10,0,0,N,,N,0,0,0,,,,,,,,THE JOURNAL 3 MONTH,N,Y,Y
112,112,0,0,3 MO ONLINE-CD12,TJ,5D,3,M,CD12,C,P,N,N,8/7/25,N,N,20,S,1,0,7,S,1,0,7,Y,Y,N,N,Y,Y,Y,0,1,14,28,41,10,0,0,N,,N,0,0,0,,,,,,,,THE JOURNAL 3 MONTH,N,Y,Y
113,113,0,0,1-Month Subscription,TJ,5D,1,M,CD13,C,P,E,N,8/7/25,N,N,20,S,1,0,7,S,1,0,7,Y,Y,N,N,Y,Y,Y,0,1,14,28,41,10,0,0,N,,N,0,0,0,,,,,,,,THE JOURNAL 1 MONTH,N,Y,Y
114,114,0,0,EZPAY Subscription,TJ,5D,1,M,CD14,C,P,E,N,,N,N,20,S,1,0,7,S,1,0,7,Y,N,N,N,N,N,N,0,1,14,28,41,10,0,0,N,,N,0,15,15,,,,,,,,THE JOURNAL 1 MONTH AUTO RENEW,N,Y,Y
115,115,0,0,PAYPAL CARRIER DELIVERED,TJ,WA,1,M,CD15,C,P,N,Y,,N,N,20,S,1,0,7,S,1,0,7,Y,Y,N,N,Y,Y,Y,0,1,14,28,41,10,0,0,N,THF,I,42,0,0,,,,,,,,THE JOURNAL 1 MONTH,N,Y,Y
116,116,0,0,PAYPAL CARRIER DELIVERED,TJ,5D,1,M,CD16,C,P,N,N,7/28/25,N,N,20,S,1,0,7,S,1,0,7,Y,Y,N,N,Y,Y,Y,0,1,14,28,41,10,0,0,N,,N,0,0,0,,,,,,,,THE JOURNAL 1 MONTH,N,Y,Y
117,117,0,0,EMPLOYEE 3MO,TJ,5D,3,M,EP01,C,P,N,N,10/20/15,N,N,20,S,1,0,7,S,1,0,7,Y,Y,N,N,Y,Y,Y,0,1,14,28,41,10,0,0,N,,N,0,0,0,,,,,,,,EMPLOYEE 3MO,N,Y,Y
118,118,0,0,EMPLOYEE 6 MO,TJ,5D,6,M,EP02,C,P,N,N,10/20/15,N,N,20,S,1,0,7,S,1,0,7,Y,Y,N,N,Y,Y,Y,0,1,14,28,41,10,0,0,N,,N,0,0,0,,,,,,,,EMPLOYEE 6 MO,N,Y,Y
119,119,0,0,EMPLOYEE 1 YR,TJ,5D,1,Y,EP03,C,P,N,N,8/7/25,N,N,20,S,1,0,7,S,1,0,7,Y,Y,N,N,Y,Y,Y,0,1,14,28,41,10,0,0,N,,N,0,0,0,,,,,,,,THE JOURNAL 1 YEAR,N,Y,Y
121,121,0,0,MAIL . IN COUNTY,TJ,5D,3,M,PO01,M,P,N,N,8/7/25,N,Y,20,S,0,0,0,S,0,0,0,Y,Y,N,N,Y,Y,Y,0,1,14,28,41,10,0,0,N,,N,0,0,0,,,,,,,,THE JOURNAL 3 MONTH,N,Y,Y
122,122,0,0,MAIL . OUT COUNTY,TJ,5D,3,M,PO02,M,P,N,N,7/28/25,N,Y,20,S,1,0,0,S,1,0,0,Y,Y,N,N,Y,Y,Y,0,1,14,28,41,10,0,0,N,,N,0,0,0,,,,,,,,THE JOURNAL 3 MONTH,N,Y,Y
123,123,0,0,MAIL . IN COUNTY,TJ,5D,6,M,PO01,M,P,N,N,8/7/25,N,Y,20,S,1,0,0,S,1,0,0,Y,Y,N,N,Y,Y,Y,0,1,14,28,41,10,0,0,N,,N,0,0,0,,,,,,,,THE JOURNAL 6 MONTH,N,Y,Y
124,124,0,0,MAIL . OUT COUNTY,TJ,5D,6,M,CD01,M,P,N,N,8/7/25,N,Y,20,S,1,0,0,S,1,0,0,Y,Y,N,N,Y,Y,Y,0,1,14,28,41,10,0,0,N,,N,0,0,0,,,,,,,,THE JOURNAL 6 MONTH,N,Y,Y
125,125,0,0,MAIL . IN COUNTY,TJ,5D,1,Y,PO01,M,P,N,N,8/7/25,N,Y,20,S,1,0,0,S,1,0,0,Y,Y,N,N,Y,Y,Y,0,1,14,28,41,10,0,0,N,,N,0,0,0,,,,,,,,THE JOURNAL 1 YEAR,N,Y,Y
126,126,0,0,MAIL . OUT COUNTY,TJ,5D,1,Y,PO06,M,P,N,N,8/7/25,N,Y,20,S,1,0,0,S,1,0,0,Y,Y,N,N,Y,Y,Y,0,1,14,28,41,10,0,0,N,,N,0,0,0,,,,,,,,THE JOURNAL 1 YEAR,N,Y,Y
127,0,0,0,CARRIER COLLECT,TJ,5D,1,W,CC,C,CA,N,N,10/20/15,N,N,,S,0,0,7,S,0,0,7,N,Y,Y,Y,Y,Y,Y,0,3,10,17,20,13,6,0,N,,N,0,0,0,,,,,,,,CARRIER COLLECT,N,N,Y
128,0,0,0,1 YR COMPLIMENTARY   - ADVERTISERS - CARRIER DELIVERED,TJ,5D,1,Y,COMP,C,CO,N,Y,,N,N,60,S,0,0,7,S,0,0,7,N,N,N,N,N,N,N,0,0,0,0,0,0,0,0,N,,N,0,0,0,,,,,,,,THE JOURNAL 1 YEAR,N,Y,Y
129,0,0,0,1 YR COMPLIMENTARY - MAIL DELIVERED,TJ,5D,1,Y,COMP,M,CO,N,Y,,N,Y,60,S,0,0,0,S,0,0,0,N,N,N,N,N,N,N,0,0,0,0,0,0,0,0,N,,N,0,0,0,,,,,,,,THE JOURNAL 1 YEAR,N,Y,Y
130,0,0,0,1 MO INTERNET ONLY,TJ,5D,1,M,OL01,I,P,E,N,8/7/25,N,N,60,S,0,0,7,S,0,0,7,N,Y,Y,Y,Y,Y,Y,0,3,10,17,20,13,6,42,N,,N,0,0,0,,,,,,,,THE JOURNAL 1 MONTH,N,Y,Y
132,0,0,131,2 MO COMPLIMENTARY,TJ,5D,2,M,CD31,C,CO,N,Y,4/8/16,N,N,,S,5,0,7,S,0,0,7,N,Y,Y,Y,Y,Y,Y,0,3,10,17,20,13,6,0,Y,,N,0,0,0,,,,,,,,THE JOURNAL 2 MONTH,N,Y,Y
133,0,1,101,2 Months Free,TJ,5D,2,M,COMP,C,CO,N,Y,,N,N,,S,0,0,0,S,0,0,0,N,N,N,N,N,N,N,0,3,10,17,20,13,6,20,Y,,N,0,0,0,,,,,,,,THE JOURNAL 2 MONTH,N,Y,Y
134,0,0,0,PAYPAL INTERNET,TJ,5D,1,M,PPIN,I,P,N,Y,,N,N,20,S,0,0,7,S,0,0,7,N,Y,Y,Y,Y,Y,Y,0,3,10,17,20,13,6,0,N,,N,0,0,0,,,,,,,,THE JOURNAL 1 MONTH,N,Y,Y
135,0,0,0,3 MO INTERNET,TJ,5D,3,M,PPIN,I,P,N,N,8/7/25,N,N,20,S,0,0,7,S,0,0,7,N,Y,Y,Y,Y,Y,Y,0,3,10,17,20,13,6,0,N,,N,0,0,0,,,,,,,,THE JOURNAL 3 MONTH,N,Y,Y
136,0,0,0,EZ Pay Monthly Online Only,TJ,5D,1,M,EZIN,I,P,E,Y,,N,N,20,S,0,0,7,S,0,0,7,N,N,N,N,N,N,N,0,3,10,17,20,13,6,0,N,,N,0,0,0,,,,,,,,THE JOURNAL 1 MONTH AUTO RENEW,N,Y,Y
137,0,0,0,3 MO INTERNET,TJ,5D,3,M,3MIN,I,P,N,N,,N,N,20,S,0,0,7,S,0,0,7,N,Y,Y,Y,Y,Y,Y,0,3,10,17,20,13,6,0,N,,N,0,0,0,,,,,,,,3 MO INTERNET,N,Y,Y
138,0,0,0,PAYPAL INTERNET,TJ,5D,1,M,PPOL,I,P,N,N,10/20/15,N,N,20,S,0,0,7,S,0,0,7,N,Y,Y,Y,Y,Y,Y,0,3,10,17,20,13,6,0,N,,N,0,0,0,,,,,,,,PAYPAL INTERNET,N,N,Y
139,0,0,0,3 MO INTERNET OLD,TJ,5D,3,M,3INO,I,P,N,N,8/7/25,N,N,20,S,0,0,7,S,0,0,7,N,Y,Y,Y,Y,Y,Y,0,3,10,17,20,13,6,0,N,,N,0,0,0,,,,,,,,THE JOURNAL 3 MONTH,N,Y,Y
140,0,0,0,6 MO INTERNET,TJ,5D,6,M,6MIN,I,P,N,N,8/7/25,N,Y,20,S,0,0,7,S,0,0,7,N,Y,Y,Y,Y,Y,Y,0,3,10,17,20,13,6,0,N,,N,0,0,0,,,,,,,,THE JOURNAL 6 MONTH,N,Y,Y
141,0,0,0,1 Year Online Only,TJ,5D,1,Y,1YON,I,P,N,Y,,N,N,20,S,0,0,7,S,0,0,7,N,Y,Y,Y,Y,Y,Y,0,3,10,17,20,13,6,0,N,,N,0,0,0,,,,,,,,THE JOURNAL 1 YEAR,N,Y,Y
142,0,1,144,ULL 1 YR,ULL,MF,1,Y,ULL1,M,P,N,N,12/24/24,N,N,20,S,0,0,10,S,0,0,10,N,Y,Y,Y,Y,Y,Y,0,3,10,17,20,13,6,20,N,,N,0,0,0,,,,,,,,UPSTATE LAKE LIVING 1 YEAR,N,N,Y
143,0,1,144,ULL OLD,ULL,MF,1,Y,ULOL,M,P,N,N,12/24/24,N,N,20,S,0,0,10,S,0,0,10,N,Y,Y,Y,Y,Y,Y,0,3,10,17,20,13,6,20,N,,N,0,0,0,,,,,,,,UPSTATE LAKE LIVING 1 YEAR,N,N,Y
144,0,0,0,ULL NEW,ULL,MF,1,Y,ULL3,M,P,N,N,12/24/24,N,N,20,S,0,0,10,S,0,0,10,N,Y,Y,Y,Y,Y,Y,0,3,10,17,20,13,6,24,N,,N,0,0,0,,,,,,,,UPSTATE LAKE LIVING 1 YEAR,N,N,Y
145,0,0,0,30-Day Free Trial,TJ,5D,4,W,CD01,C,CO,N,N,,N,N,,S,5,0,0,S,0,0,0,N,N,N,N,N,Y,Y,0,0,0,0,0,12,6,0,Y,,N,0,0,0,,,,,,,,THE JOURNAL 4 WEEK,N,Y,Y
147,0,0,0,ONE Week PURCHASE,TJ,5D,1,W,SDPH,I,P,C,Y,,Y,N,20,S,0,0,0,S,0,0,0,N,N,N,N,N,N,N,0,3,10,17,20,13,6,42,N,,N,0,0,0,,,,,,,,ONE Week PURCHASE,N,N,Y
149,0,0,0,3-Month Online Only,TJ,5D,3,M,CD01,I,P,N,N,,N,N,20,S,0,0,7,S,0,0,7,N,Y,Y,Y,Y,Y,Y,0,1,14,28,41,10,0,0,Y,,N,0,0,0,,,,,,,,THE JOURNAL 3 MONTH,N,Y,Y
150,0,0,0,1-Month Online Only,TJ,5D,1,M,CD01,I,P,E,N,,N,N,20,S,0,0,7,S,0,0,7,N,Y,Y,Y,Y,Y,Y,0,1,14,28,41,10,0,0,Y,,N,0,0,0,,,,,,,,THE JOURNAL 1 MONTH,N,Y,Y
151,0,0,0,6-Month Online Only,TJ,5D,6,M,CD01,I,P,N,N,,N,N,20,S,0,0,7,S,0,0,7,N,Y,Y,Y,Y,Y,Y,0,1,14,28,41,10,0,0,N,,N,0,0,0,,,,,,,,THE JOURNAL 6 MONTH,N,Y,Y
152,0,0,0,Online Compimentary 1yr,TJ,5D,1,Y,COMP,I,CO,N,Y,,N,N,60,S,0,0,7,S,0,0,7,N,Y,Y,Y,Y,Y,Y,0,3,10,17,20,13,6,0,N,,N,0,0,0,,,,,,,,THE JOURNAL 1 YEAR,N,Y,Y
153,0,1,101,Pay it Forward Promo,TJ,5D,1,Y,PM01,C,P,N,N,3/31/16,N,N,59,S,0,0,7,S,0,0,7,N,Y,Y,Y,Y,Y,Y,0,3,10,17,20,13,6,20,N,,N,0,0,0,,,,,,,,Pay it Forward Promo,N,Y,Y
154,0,0,0,Weekly Subscription Rate,TJ,5D,1,W,CD01,C,P,B,N,,N,N,20,S,0,0,0,S,0,0,0,N,N,N,N,Y,Y,Y,0,0,0,17,3,1,0,0,Y,,N,0,0,0,,,,,,,,THE JOURNAL 1 WEEK AUTO RENEW,N,Y,Y
157,0,1,104,"Special $59, 1-yr Subscription",TJ,5D,1,Y,CD08,C,P,N,Y,11/29/17,N,N,20,S,0,0,7,S,0,0,7,N,Y,Y,Y,Y,Y,Y,0,1,14,28,30,14,7,0,N,,N,0,0,0,,,,,,,,THE JOURNAL 1 YEAR,N,Y,Y
158,0,0,0,$40 ULL Subscription,ULL,MF,1,Y,ULL4,M,P,N,Y,,N,N,,S,0,0,15,S,0,0,10,N,Y,Y,Y,Y,Y,Y,0,3,10,17,20,13,6,0,Y,,N,0,0,0,,,,,,,,UPSTATE LAKE LIVING 1 YEAR,N,Y,Y
166,0,0,0,EZ PAY MAIL *DO NOT USE,TJ,5D,1,M,34,M,P,N,N,8/7/25,N,N,1,S,0,0,20,S,0,0,7,N,Y,Y,Y,Y,Y,Y,0,3,10,17,20,13,6,34,Y,,N,0,0,0,,,,,,,,THE JOURNAL 1 MONTH,N,Y,Y
176,0,0,0,3 MOS. COMP - WESTMINSTER & KEOWEE,TJ,5D,3,M,20,C,CO,N,Y,8/7/25,N,N,,S,0,0,7,S,0,0,7,N,Y,Y,Y,Y,Y,Y,0,3,10,17,20,13,6,0,Y,,N,0,0,0,,,,,,,,THE JOURNAL 3 MONTH,Y,Y,Y
186,0,0,0,Old Rate 1 Year DO NOT USE,TJ,5D,3,M,CD03,C,P,N,N,8/7/25,N,N,,S,0,0,7,S,0,0,7,N,Y,Y,Y,Y,Y,Y,0,3,10,17,20,13,6,0,Y,,N,0,0,0,,,,,,,,THE JOURNAL 3 MONTH,Y,Y,Y
187,0,0,0,1 YEAR ADJUSTED DO NOT USE,TJ,5D,1,Y,CD03,C,P,N,N,8/7/25,N,N,,S,0,0,7,S,0,0,7,N,Y,Y,Y,Y,Y,Y,0,3,10,17,20,13,6,0,Y,,N,0,0,0,,,,,,,,THE JOURNAL 1 YEAR,Y,Y,Y
188,0,0,0,6 MONTH ADJUSTED DO NOT USE,TJ,5D,6,M,CD03,C,P,N,N,2/1/20,N,N,,S,0,0,7,S,0,0,7,N,Y,Y,Y,Y,Y,Y,0,3,10,17,20,13,6,0,Y,,N,0,0,0,,,,,,,,DO NOT USE,Y,N,Y
189,0,0,0,3 MONTH ADJUSTED DO NOT USE,TJ,5D,3,M,CD04,C,P,N,N,8/7/25,N,N,,S,0,0,7,S,0,0,7,N,Y,Y,Y,Y,Y,Y,0,3,10,17,20,13,6,0,Y,,N,0,0,0,,,,,,,,THE JOURNAL 3 MONTH,Y,Y,Y
196,0,0,0,Fayette News Annual,FN,FN,1,Y,IC,M,P,N,Y,,N,N,FNSU,S,0,0,15,S,0,0,10,N,Y,Y,Y,Y,Y,Y,0,3,10,17,20,13,6,0,N,,N,0,0,0,FNSU,FNSU,FNSU,FNSU,FNSU,FNSU,FNSU,THE FAYETTE NEWS 1 YEAR,Y,Y,Y
197,0,0,0,FN Senior Rate,FN,FN,52,W,MAIL,M,P,N,Y,,N,N,FNSU,S,0,0,15,S,0,0,10,N,Y,Y,Y,Y,Y,Y,0,3,10,17,20,13,6,0,Y,,N,0,0,0,FNSU,FNSU,FNSU,FNSU,FNSU,FNSU,FNSU,THE FAYETTE NEWS 52 WEEK,Y,Y,Y
206,0,0,0,FAYETTE NEWS 2 YEAR,FN,FN,104,W,IC,M,P,N,Y,,N,N,FNSU,S,0,0,15,S,0,0,10,N,Y,Y,Y,Y,Y,Y,0,3,10,17,20,13,6,0,N,,N,0,0,0,,,,,,,,THE FAYETTE NEWS 104 WEEK,Y,Y,Y
216,0,0,0,12 Months - Advertiser - CASH,TA,WO,12,M,MAIL,M,P,N,Y,,Y,N,TAMS,S,0,0,5,S,0,0,0,N,Y,N,N,Y,Y,Y,0,1,0,0,90,15,15,14,Y,,N,0,0,0,TA03,TA03,TA03,TA03,TA03,TA03,TA03,THE ADVERTISER 12 MONTH,Y,Y,Y
217,0,0,0,6 Months - Advertiser,TA,WO,6,M,MAIL,M,P,N,Y,,Y,N,TAMS,S,0,0,5,S,0,0,0,N,Y,N,N,Y,Y,Y,0,1,0,0,90,45,15,14,Y,,N,0,0,0,TA03,TA03,TA03,TA03,TA03,TA03,TA03,THE ADVERTISER 6 MONTH,Y,Y,Y
218,0,0,0,3 Months - Advertiser,TA,WO,3,M,MAIL,M,P,N,Y,,Y,N,TAMS,S,0,0,5,S,0,0,0,N,Y,N,N,Y,Y,N,0,1,0,0,45,15,0,14,Y,,N,0,0,0,TA03,TA03,TA03,TA03,TA03,TA03,TA03,THE ADVERTISER 3 MONTH,Y,Y,Y
219,0,0,0,1 Months - Advertiser,TA,WO,1,M,MAIL,M,P,N,Y,,N,N,TAMS,S,0,0,5,S,0,0,0,N,Y,N,N,Y,Y,N,0,1,0,0,20,5,0,14,N,,N,0,0,0,TA03,TA03,TA03,TA03,TA03,TA03,TA03,THE ADVERTISER 1 MONTH,N,N,Y
220,0,0,0,12 Months - Advertiser Comp,TA,WO,12,M,MAIL,M,CO,N,Y,,Y,N,TAMS,S,0,0,5,S,0,0,0,N,Y,N,N,Y,Y,Y,0,1,0,0,90,45,15,14,Y,,N,0,0,0,TA03,TA03,TA03,TA03,TA03,TA03,TA03,THE ADVERTISER 12 MONTH,Y,Y,Y
221,0,0,0,12 Months - Advertiser Digital,TA,WO,12,M,DIGITAL,I,P,N,Y,,Y,N,TAMS,S,0,0,5,S,0,0,5,N,Y,Y,Y,Y,Y,Y,0,1,21,42,84,42,21,98,Y,,N,0,0,0,TA03,TA03,TA03,TA03,TA03,TA03,TA03,THE ADVERTISER 12 MONTH,Y,Y,Y
222,0,0,0,12 Months - Advertiser Senior,TA,WO,12,M,SENIOR,M,P,N,Y,,Y,N,TAMS,S,0,0,5,S,0,0,0,N,Y,N,N,Y,Y,Y,0,1,0,0,90,45,15,14,Y,,N,0,0,0,TA03,TA03,TA03,TA03,TA03,TA03,TA03,THE ADVERTISER 12 MONTH,Y,Y,Y
310,310,0,0,Ranger EZ Pay Mail,TR,WS,1,M,MAIL,M,P,E,Y,,N,N,TRMS,S,0,0,15,S,0,0,10,N,Y,Y,Y,Y,Y,Y,0,3,10,17,20,13,6,0,Y,,N,0,0,0,,,,,,,,THE RANGER 1 MONTH AUTO RENEW,Y,Y,Y
311,311,0,0,In County,TR,WS,3,M,IC,M,P,N,N,6/1/23,N,N,TRMS,S,0,0,15,S,0,0,10,N,Y,Y,Y,Y,Y,Y,0,3,10,17,20,13,6,0,Y,,N,0,0,0,,,,,,,,In County,Y,N,Y
312,312,0,0,Ranger 6 Month Mail - CASH,TR,WS,6,M,MAIL,M,P,N,Y,,Y,N,TRMS,S,0,0,15,S,0,0,10,N,Y,Y,Y,Y,Y,Y,0,3,10,17,20,13,6,0,Y,,N,0,0,0,,,,,,,,THE RANGER 6 MONTH,Y,Y,Y
313,313,0,0,Ranger 1 Year Mail - CASH,TR,WS,1,Y,MAIL,M,P,N,Y,,Y,N,TRMS,S,0,0,999,S,0,0,999,N,Y,Y,Y,Y,Y,Y,0,3,10,17,20,13,6,0,Y,,N,0,0,0,,,,,,,,THE RANGER 1 YEAR,Y,Y,Y
314,314,0,0,In County/Senior,TR,WS,1,M,ICS,M,P,N,N,6/1/23,N,N,TRMS,S,0,0,15,S,0,0,10,N,Y,Y,Y,Y,Y,Y,0,3,10,17,20,13,6,0,Y,,N,0,0,0,,,,,,,,In County/Senior,Y,N,Y
315,315,0,0,In County/Senior,TR,WS,3,M,ICS,M,P,N,N,6/1/23,N,N,TRMS,S,0,0,15,S,0,0,10,N,Y,Y,Y,Y,Y,Y,0,3,10,17,20,13,6,0,Y,,N,0,0,0,,,,,,,,In County/Senior,Y,N,Y
316,316,0,0,In County/Senior,TR,WS,6,M,ICS,M,P,N,N,6/1/23,N,N,TRMS,S,0,0,15,S,0,0,10,N,Y,Y,Y,Y,Y,Y,0,3,10,17,20,13,6,0,Y,,N,0,0,0,,,,,,,,In County/Senior,Y,N,Y
317,317,0,0,In County/Senior,TR,WS,1,Y,ICS,M,P,N,N,6/1/23,N,N,TRMS,S,0,0,15,S,0,0,10,N,Y,Y,Y,Y,Y,Y,0,3,10,17,20,13,6,0,Y,,N,0,0,0,,,,,,,,In County/Senior,Y,N,Y
318,318,0,0,Out County/In State,TR,WS,1,M,OCIS,M,P,N,N,6/1/23,N,N,TRMS,S,0,0,15,S,0,0,10,N,Y,Y,Y,Y,Y,Y,0,3,10,17,20,13,6,0,Y,,N,0,0,0,,,,,,,,Out County/In State,Y,N,Y
319,319,0,0,Out County/In State,TR,WS,3,M,OCIS,M,P,N,N,6/1/23,N,N,TRMS,S,0,0,15,S,0,0,10,N,Y,Y,Y,Y,Y,Y,0,3,10,17,20,13,6,0,Y,,N,0,0,0,,,,,,,,Out County/In State,Y,N,Y
320,320,0,0,Out County/In State,TR,WS,6,M,OCIS,M,P,N,N,6/1/23,N,N,TRMS,S,0,0,15,S,0,0,10,N,Y,Y,Y,Y,Y,Y,0,3,10,17,20,13,6,0,Y,,N,0,0,0,,,,,,,,Out County/In State,Y,N,Y
321,321,0,0,Out County/In State,TR,WS,1,Y,OCIS,M,P,N,N,6/1/23,N,N,TRMS,S,0,0,15,S,0,0,10,N,Y,Y,Y,Y,Y,Y,0,3,10,17,20,13,6,0,Y,,N,0,0,0,,,,,,,,Out County/In State,Y,N,Y
322,322,0,0,Outside State,TR,WS,3,M,OS,M,P,N,N,6/1/23,N,N,TRMS,S,0,0,15,S,0,0,10,N,Y,Y,Y,Y,Y,Y,0,3,10,17,20,13,6,0,Y,,N,0,0,0,,,,,,,,Outside State,Y,N,Y
323,323,0,0,Outside State,TR,WS,6,M,OS,M,P,N,N,6/1/23,N,N,TRMS,S,0,0,15,S,0,0,10,N,Y,Y,Y,Y,Y,Y,0,3,10,17,20,13,6,0,Y,,N,0,0,0,,,,,,,,Outside State,Y,N,Y
324,324,0,0,Outside State,TR,WS,1,Y,OS,M,P,N,N,6/1/23,N,N,TRMS,S,0,0,15,S,0,0,10,N,Y,Y,Y,Y,Y,Y,0,3,10,17,20,13,6,0,Y,,N,0,0,0,,,,,,,,Outside State,Y,N,Y
325,325,0,0,Student,TR,WS,9,M,STUDENT,M,P,N,N,6/1/23,N,N,TRMS,S,0,0,15,S,0,0,10,N,Y,Y,Y,Y,Y,Y,0,3,10,17,20,13,6,0,Y,,N,0,0,0,,,,,,,,Student,Y,N,Y
326,326,0,0,Serviceman,TR,WS,1,Y,SERVICE,M,P,N,N,6/1/23,N,N,TRMS,S,0,0,15,S,0,0,10,N,Y,Y,Y,Y,Y,Y,0,3,10,17,20,13,6,0,Y,,N,0,0,0,,,,,,,,Serviceman,Y,N,Y
327,327,0,0,Lander Journal  EZ Pay Carrier,LJ,WS,1,M,CARR,C,P,E,Y,,N,N,TRMS,S,0,0,15,S,0,0,10,N,Y,Y,Y,Y,Y,Y,0,3,10,17,20,13,6,0,Y,,N,0,0,0,,,,,,,,LANDER JOURNAL 1 MONTH AUTO RENEW,Y,Y,Y
328,328,0,0,In County,LJ,WS,3,M,IC,C,P,N,N,6/1/23,N,N,TRMS,S,0,0,15,S,0,0,10,N,Y,Y,Y,Y,Y,Y,0,3,10,17,20,13,6,0,Y,,N,0,0,0,,,,,,,,In County,Y,N,Y
329,329,0,0,Lander Journal 6 Month Carrier,LJ,WS,6,M,CARR,C,P,N,Y,,N,N,TRMS,S,0,0,15,S,0,0,10,N,Y,Y,Y,Y,Y,Y,0,3,10,17,20,13,6,0,Y,,N,0,0,0,,,,,,,,LANDER JOURNAL 6 MONTH,Y,Y,Y
330,330,0,0,Lander Journal 1 Year Carrier,LJ,WS,1,Y,CARR,C,P,N,Y,,N,N,TRMS,S,0,0,999,S,0,0,999,N,Y,Y,Y,Y,Y,Y,0,3,10,17,20,13,6,0,Y,,N,0,0,0,,,,,,,,LANDER JOURNAL 1 YEAR,Y,Y,Y
331,331,0,0,In County/Senior,LJ,WS,1,M,ICS,C,P,N,N,6/1/23,N,N,TRMS,S,0,0,15,S,0,0,10,N,Y,Y,Y,Y,Y,Y,0,3,10,17,20,13,6,0,Y,,N,0,0,0,,,,,,,,In County/Senior,Y,N,Y
332,332,0,0,In County/Senior,LJ,WS,3,M,ICS,C,P,N,N,6/1/23,N,N,TRMS,S,0,0,15,S,0,0,10,N,Y,Y,Y,Y,Y,Y,0,3,10,17,20,13,6,0,Y,,N,0,0,0,,,,,,,,In County/Senior,Y,N,Y
333,333,0,0,In County/Senior,LJ,WS,6,M,ICS,C,P,N,N,6/1/23,N,N,TRMS,S,0,0,15,S,0,0,10,N,Y,Y,Y,Y,Y,Y,0,3,10,17,20,13,6,0,Y,,N,0,0,0,,,,,,,,In County/Senior,Y,N,Y
334,334,0,0,In County/Senior,LJ,WS,1,Y,ICS,C,P,N,N,6/1/23,N,N,TRMS,S,0,0,15,S,0,0,10,N,Y,Y,Y,Y,Y,Y,0,3,10,17,20,13,6,0,Y,,N,0,0,0,,,,,,,,In County/Senior,Y,N,Y
335,335,0,0,Lander Journal EZ Pay Mail,LJ,WS,1,M,MAIL,M,P,E,Y,,N,N,TRMS,S,0,0,15,S,0,0,10,N,Y,Y,Y,Y,Y,Y,0,3,10,17,20,13,6,0,Y,,N,0,0,0,,,,,,,,LANDER JOURNAL 1 MONTH AUTO RENEW,Y,Y,Y
336,336,0,0,In County,LJ,WS,3,M,IC,M,P,N,N,6/1/23,N,N,TRMS,S,0,0,15,S,0,0,10,N,Y,Y,Y,Y,Y,Y,0,3,10,17,20,13,6,0,Y,,N,0,0,0,,,,,,,,In County,Y,N,Y
337,337,0,0,Lander Journal 6 Month Mail,LJ,WS,6,M,MAIL,M,P,N,Y,,Y,N,TRMS,S,0,0,15,S,0,0,10,N,Y,Y,Y,Y,Y,Y,0,3,10,17,20,13,6,0,Y,,N,0,0,0,,,,,,,,LANDER JOURNAL 6 MONTH,Y,Y,Y
338,338,0,0,Lander Journal 1 Year Mail,LJ,WS,1,Y,MAIL,M,P,N,Y,,Y,N,TRMS,S,0,0,999,S,0,0,999,N,Y,Y,Y,Y,Y,Y,0,3,10,17,20,13,6,0,Y,,N,0,0,0,,,,,,,,LANDER JOURNAL 1 YEAR,Y,Y,Y
339,339,0,0,In County/Senior,LJ,WS,1,M,ICS,M,P,N,N,6/1/23,N,N,TRMS,S,0,0,15,S,0,0,10,N,Y,Y,Y,Y,Y,Y,0,3,10,17,20,13,6,0,Y,,N,0,0,0,,,,,,,,In County/Senior,Y,N,Y
340,340,0,0,In County/Senior,LJ,WS,3,M,ICS,M,P,N,N,6/1/23,N,N,TRMS,S,0,0,15,S,0,0,10,N,Y,Y,Y,Y,Y,Y,0,3,10,17,20,13,6,0,Y,,N,0,0,0,,,,,,,,In County/Senior,Y,N,Y
341,341,0,0,In County/Senior,LJ,WS,6,M,ICS,M,P,N,N,6/1/23,N,N,TRMS,S,0,0,15,S,0,0,10,N,Y,Y,Y,Y,Y,Y,0,3,10,17,20,13,6,0,Y,,N,0,0,0,,,,,,,,In County/Senior,Y,N,Y
342,342,0,0,In County/Senior,LJ,WS,1,Y,ICS,M,P,N,N,6/1/23,N,N,TRMS,S,0,0,15,S,0,0,10,N,Y,Y,Y,Y,Y,Y,0,3,10,17,20,13,6,0,Y,,N,0,0,0,,,,,,,,In County/Senior,Y,N,Y
343,343,0,0,Out County/Out State,LJ,WS,1,M,OCS,M,P,N,N,6/1/23,N,N,TRMS,S,0,0,15,S,0,0,10,N,Y,Y,Y,Y,Y,Y,0,3,10,17,20,13,6,0,Y,,N,0,0,0,,,,,,,,Out County/Out State,Y,N,Y
344,344,0,0,Out County/Out State,LJ,WS,3,M,OCS,M,P,N,N,6/1/23,N,N,TRMS,S,0,0,15,S,0,0,10,N,Y,Y,Y,Y,Y,Y,0,3,10,17,20,13,6,0,Y,,N,0,0,0,,,,,,,,Out County/Out State,Y,N,Y
345,345,0,0,Out County/Out State,LJ,WS,6,M,OCS,M,P,N,N,6/1/23,N,N,TRMS,S,0,0,15,S,0,0,10,N,Y,Y,Y,Y,Y,Y,0,3,10,17,20,13,6,0,Y,,N,0,0,0,,,,,,,,Out County/Out State,Y,N,Y
346,346,0,0,Out County/Out State,LJ,WS,1,Y,OCS,M,P,N,N,6/1/23,N,N,TRMS,S,0,0,15,S,0,0,10,N,Y,Y,Y,Y,Y,Y,0,3,10,17,20,13,6,0,Y,,N,0,0,0,,,,,,,,Out County/Out State,Y,N,Y
347,347,0,0,In County,WRN,THU,6,M,IC,M,P,N,N,6/1/23,N,N,TRMS,S,0,0,15,S,0,0,10,N,Y,Y,Y,Y,Y,Y,0,3,10,17,20,13,6,0,Y,,N,0,0,0,,,,,,,,In County,Y,N,Y
348,348,0,0,In County,WRN,THU,1,Y,IC,M,P,N,N,6/1/23,N,N,TRMS,S,0,0,15,S,0,0,10,N,Y,Y,Y,Y,Y,Y,0,3,10,17,20,13,6,0,Y,,N,0,0,0,,,,,,,,In County,Y,N,Y
349,349,0,0,Out County/State,WRN,THU,6,M,OCS,M,P,N,N,6/1/23,N,N,TRMS,S,0,0,15,S,0,0,10,N,Y,Y,Y,Y,Y,Y,0,3,10,17,20,13,6,0,Y,,N,0,0,0,,,,,,,,Out County/State,Y,N,Y
350,350,0,0,WRN 1 Year Mail,WRN,THU,1,Y,MAIL,M,P,N,Y,,Y,N,TRMS,S,0,0,999,S,0,0,999,N,Y,Y,Y,Y,Y,Y,0,3,10,17,20,13,6,0,Y,,N,0,0,0,,,,,,,,WIND RIVER NEWS 1 YEAR,Y,Y,Y
352,0,0,0,Lander Journal - Complimentary - 1 Year Carrier,LJ,WS,1,Y,CARR,C,CO,N,Y,,N,N,,S,0,0,30,S,0,0,10,N,Y,Y,Y,Y,Y,Y,0,3,10,17,20,13,6,0,Y,,N,0,0,0,,,,,,,,LANDER JOURNAL 1 YEAR,Y,Y,Y
353,0,0,0,Lander Journal - Complimentary - 1 Year Mail,LJ,WS,1,Y,MAIL,M,CO,N,Y,,N,N,,S,0,0,30,S,0,0,10,N,Y,Y,Y,Y,Y,Y,0,3,10,17,20,13,6,0,Y,,N,0,0,0,,,,,,,,LANDER JOURNAL 1 YEAR,Y,Y,Y
354,0,0,0,WRN - Complimentary - 1 Year Mail,WRN,THU,1,Y,MAIL,M,CO,N,Y,,N,N,TRMS,S,0,0,15,S,0,0,10,N,Y,Y,Y,Y,Y,Y,0,3,10,17,20,13,6,0,Y,,N,0,0,0,,,,,,,,WIND RIVER NEWS 1 YEAR,Y,Y,Y
355,0,0,0,Ranger - Complimentary - 1 Year Mail,TR,WS,1,Y,MAIL,M,CO,N,Y,,N,N,TRMS,S,0,0,15,S,0,0,10,N,Y,Y,Y,Y,Y,Y,0,3,10,17,20,13,6,0,Y,,N,0,0,0,,,,,,,,THE RANGER 1 YEAR,Y,Y,Y
362,0,1,376,Buy One Get One Free 1month EZ Pay,TJ,5D,2,M,EZBOGOTJ,C,P,E,N,,N,Y,,S,1,0,7,S,1,0,7,N,N,N,N,N,N,N,0,3,10,17,20,13,6,10,N,,N,0,0,0,,,,,,,,THE JOURNAL 2 MONTH AUTO RENEW,N,Y,Y
372,0,0,0,One Day Pass,TA,WO,1,D,DIGITAL,EC,P,C,Y,,Y,N,TAMS,S,0,0,15,S,0,0,10,N,Y,Y,Y,Y,Y,Y,0,3,10,17,20,13,6,14,Y,,N,0,0,0,TA03,TA03,TA03,TA03,TA03,TA03,TA03,THE ADVERTISER 1 DAY AUTO RENEW,N,Y,Y
373,0,0,0,Lander Journal 1 Month Free,LJ,WS,1,M,MAIL,M,CO,N,Y,,N,N,,S,0,0,15,S,0,0,10,N,Y,Y,Y,Y,Y,Y,0,3,10,17,20,13,6,0,Y,,N,0,0,0,,,,,,,,LANDER JOURNAL 1 MONTH,Y,Y,Y
374,0,0,0,The Ranger 1 Month Free,TR,WS,1,M,MAIL,M,CO,N,Y,,N,N,,S,0,0,15,S,0,0,10,N,Y,Y,Y,Y,Y,Y,0,3,10,17,20,13,6,0,Y,,N,0,0,0,,,,,,,,THE RANGER 1 MONTH,Y,Y,Y
375,0,0,0,WRN 1 Month Free,WRN,THU,1,M,MAIL,M,CO,N,Y,,N,N,,S,0,0,15,S,0,0,10,N,Y,Y,Y,Y,Y,Y,0,3,10,17,20,13,6,0,Y,,N,0,0,0,,,,,,,,WIND RIVER NEWS 1 MONTH,Y,Y,Y
376,0,0,0,EZ PAY 19.99,TJ,5D,1,M,CR0099,C,P,E,N,,N,Y,20,S,0,0,7,S,0,0,7,N,Y,Y,Y,Y,Y,Y,0,3,10,17,20,13,6,0,N,5D,I,50,0,0,,,,,,,,THE JOURNAL 1 MONTH AUTO RENEW,N,Y,Y
377,0,0,0,3 MONTHS,TJ,5D,3,M,CR0099,C,P,N,N,,N,Y,20,S,0,0,7,S,0,0,7,N,Y,Y,Y,Y,Y,Y,0,3,10,17,20,13,6,0,N,,N,0,0,0,,,,,,,,THE JOURNAL 3 MONTH,N,Y,Y
378,0,0,0,6 MONTH 99.99,TJ,5D,6,M,CR0099,C,P,N,N,,N,Y,20,S,0,0,7,S,0,0,7,N,Y,Y,Y,Y,Y,Y,0,3,10,17,20,13,6,0,N,,N,0,0,0,,,,,,,,THE JOURNAL 6 MONTH,N,Y,Y
379,0,0,0,Print and Digital 1 year for $189.99,TJ,5D,12,M,CR0099,C,P,N,N,,N,Y,20,S,0,0,7,S,0,0,7,N,Y,Y,Y,Y,Y,Y,0,3,10,17,20,13,6,0,N,,N,0,0,0,,,,,,,,THE JOURNAL 12 MONTH,N,Y,Y
382,0,0,376,BOGO for $19.99/2 months. Steps to $19.99/month.,TJ,5D,2,M,EZBOGO20,C,P,N,N,,N,Y,20,S,0,0,7,S,0,0,7,N,Y,Y,Y,Y,Y,Y,0,3,10,15,20,15,6,0,Y,5D,I,50,0,0,,,,,,,,THE JOURNAL 2 MONTH AUTO RENEW,Y,Y,Y
392,0,0,0,Digital NIE Only,TJ,5D,1,Y,DNIE23,I,CO,N,Y,,N,Y,,E,0,0,1,E,0,0,1,N,N,N,N,N,N,N,0,3,10,17,20,13,6,35,Y,,N,0,0,0,,,,,,,,THE JOURNAL 1 YEAR,Y,Y,N
402,0,0,0,DIGITAL ONLY EZ PAY 19.99,TJ,5D,1,M,DG0099,I,P,E,N,,N,Y,20,S,0,0,7,S,0,0,7,N,Y,Y,Y,Y,Y,Y,0,3,10,17,20,13,6,50,N,,N,0,0,0,,,,,,,,THE JOURNAL 1 MONTH AUTO RENEW,N,Y,Y
403,0,0,0,DIGITAL ONLY 3 MONTHS,TJ,5D,3,M,DG0099,I,P,N,N,,N,Y,20,S,0,0,7,S,0,0,7,N,Y,Y,Y,Y,Y,Y,0,3,10,17,20,13,6,50,N,,N,0,0,0,,,,,,,,THE JOURNAL 3 MONTH,N,Y,Y
404,0,0,0,DIGITAL ONLY 6 MONTHS,TJ,5D,6,M,DG0099,I,P,N,N,,N,Y,20,S,0,0,7,S,0,0,7,N,Y,Y,Y,Y,Y,Y,0,3,10,17,20,13,6,50,N,,N,0,0,0,,,,,,,,THE JOURNAL 6 MONTH,N,Y,Y
405,0,0,0,DIGITAL ONLY 1 YEAR,TJ,5D,12,M,DG0099,I,P,N,N,,N,Y,20,S,0,0,25,S,0,0,7,N,Y,Y,Y,Y,Y,Y,0,3,10,17,20,13,6,50,N,,N,0,0,0,,,,,,,,THE JOURNAL 12 MONTH,N,Y,Y
406,0,0,402,DIGITAL BOGO for $19.99/2 months. Steps to $19.99/month.,TJ,5D,2,M,DG0099,I,P,E,N,,N,Y,20,S,0,0,1,S,0,0,7,N,Y,Y,Y,Y,Y,Y,0,3,10,17,20,13,6,50,N,,N,0,0,0,,,,,,,,THE JOURNAL 2 MONTH AUTO RENEW,N,Y,Y
407,0,0,0,Government employee rate,TJ,5D,12,M,CITYGOV,I,CO,N,Y,,N,Y,,S,0,0,7,S,0,0,7,N,Y,Y,Y,Y,Y,Y,0,3,10,17,20,13,6,0,N,,N,0,0,0,,,,,,,,THE JOURNAL 12 MONTH,N,Y,N
408,0,0,313,$10.00 Off for Christmas,TR,WS,52,W,MAIL,M,P,N,Y,,N,N,,S,0,0,15,S,0,0,10,N,Y,Y,Y,Y,Y,Y,0,3,10,17,20,13,6,0,Y,,N,0,0,0,,,,,,,,THE RANGER 52 WEEK,Y,Y,Y
409,0,0,338,$10.00 Off for Christmas,LJ,WS,52,W,MAIL,M,P,N,Y,,N,N,,S,0,0,15,S,0,0,10,N,Y,Y,Y,Y,Y,Y,0,3,10,17,20,13,6,0,Y,,N,0,0,0,,,,,,,,LANDER JOURNAL 52 WEEK,Y,Y,Y
410,0,0,0,6 Months Print and Digital,TJ,5D,6,M,RN0099,C,P,N,Y,,N,Y,20,S,0,0,7,S,0,0,7,N,Y,Y,Y,Y,Y,Y,0,3,10,17,20,13,6,0,N,,N,0,0,0,,,,,,,,THE JOURNAL 6 MONTH,N,Y,Y
411,0,0,0,3 Months Print and Digital,TJ,5D,3,M,RN0099,C,P,N,N,,N,Y,20,S,0,0,7,S,0,0,7,N,Y,Y,Y,Y,Y,Y,0,3,10,17,20,13,6,0,N,,I,0,0,0,,,,,,,,THE JOURNAL 3 MONTH,N,Y,Y
412,0,0,0,1 Year Print and Digital,TJ,5D,12,M,RN0099,C,P,N,N,,N,N,20,S,0,0,7,S,0,0,7,N,Y,Y,Y,Y,Y,Y,0,3,10,17,20,13,6,0,N,,N,0,0,0,,,,,,,,THE JOURNAL 12 MONTH,N,Y,Y
413,0,0,0,5 DAYS ACCESS ONLY - NO HOME DELIVERY,TJ,5D,6,M,DIGONLY,I,P,N,Y,,N,Y,20,S,0,0,7,S,0,0,7,N,N,N,N,Y,Y,N,0,0,0,0,21,10,0,0,Y,,N,0,0,0,,,,,,,,THE JOURNAL 6 MONTH,Y,Y,Y
414,0,0,0,5 DAYS ACCESS ONLY - NO HOME DELIVERY,TJ,5D,3,M,DIGONLY,I,P,N,Y,,N,Y,20,S,0,0,7,S,0,0,7,N,N,N,N,Y,Y,N,0,3,10,17,16,8,,0,N,,N,0,0,0,,,,,,,,THE JOURNAL 3 MONTH,N,Y,Y
415,0,0,0,5 DAYS ACCESS ONLY - NO HOME DELIVERY,TJ,5D,12,M,DIGONLY,I,P,N,Y,,N,Y,20,S,0,0,25,S,0,0,7,N,N,N,N,Y,Y,N,0,3,10,17,30,10,0,0,N,,N,0,0,0,,,,,,,,THE JOURNAL 12 MONTH,N,Y,Y
416,0,0,0,Employee Comp Digital Sub,TR,WS,52,W,INTERNET,I,CO,N,Y,,N,N,,S,0,0,15,S,0,0,10,N,Y,Y,Y,Y,Y,Y,0,3,10,17,20,13,6,0,Y,,N,0,0,0,,,,,,,,THE RANGER 52 WEEK,Y,Y,Y
417,0,0,0,Employee Comp Digital,LJ,WS,52,W,INTERNET,I,CO,N,Y,,N,N,,S,0,0,15,S,0,0,10,N,Y,Y,Y,Y,Y,Y,0,3,10,17,20,13,6,0,Y,,N,0,0,0,,,,,,,,LANDER JOURNAL 52 WEEK,Y,Y,N
418,0,0,0,1 Month EZ Pay Home Delivery,TJ,5D,1,M,RN0099,C,P,E,N,,N,Y,20,S,0,0,7,S,0,0,7,N,Y,Y,Y,Y,Y,Y,0,3,10,17,20,13,6,0,N,,I,0,0,0,,,,,,,,THE JOURNAL 1 MONTH AUTO RENEW,N,Y,Y
419,0,0,0,5 DAYS ACCESS ONLY - NO HOME DELIVERY,TJ,5D,1,M,DIGONLY,I,P,E,Y,,N,Y,20,S,0,0,7,S,0,0,7,N,Y,Y,Y,Y,Y,Y,0,3,10,17,20,13,6,0,N,,N,0,0,0,,,,,,,,THE JOURNAL 1 MONTH AUTO RENEW,N,Y,Y
422,0,0,0,INTERIM RATE DO NOT USE,TJ,5D,1,M,CD01,C,P,N,N,,N,Y,,S,0,0,7,S,0,0,7,N,Y,Y,Y,Y,Y,Y,0,3,10,17,20,13,6,20,N,,N,0,0,0,,,,,,,,THE JOURNAL 1 MONTH,N,N,Y
423,0,0,0,Digital Only,TR,WS,52,W,INTERNET,I,P,N,Y,,N,N,,S,0,0,15,S,0,0,10,N,Y,Y,Y,Y,Y,Y,0,3,10,17,20,13,6,0,Y,,N,0,0,0,,,,,,,,THE RANGER 52 WEEK,Y,Y,Y
424,0,0,0,2 Week Home Delivery Tues-Sat.,TJ,5D,2,W,SAMP99,C,CO,N,Y,,N,Y,20,S,0,0,1,S,0,0,2,N,N,N,N,N,N,N,0,3,10,17,20,13,6,0,N,,N,0,0,0,,,,,,,,THE JOURNAL 2 WEEK,N,Y,Y
425,0,0,0,1 year mail print and digital,TJ,5D,12,M,MAIL99,M,P,N,Y,,N,Y,,S,0,0,20,S,0,0,7,N,Y,Y,Y,Y,Y,Y,0,3,10,17,20,13,6,0,N,,I,50,0,0,,,,,,,,THE JOURNAL 12 MONTH,N,Y,Y
426,0,0,0,Free trial online only,TJ,5D,1,M,FRDG99,I,CO,N,Y,,N,Y,,S,0,0,0,S,0,0,0,N,Y,Y,Y,Y,Y,Y,0,0,0,0,0,12,6,0,N,,N,0,0,0,,,,,,,,THE JOURNAL 1 MONTH,N,Y,Y
432,0,362,377,BOGO 19.99 to 3 months at $59.99 rate,TJ,5D,2,M,10,C,P,N,Y,,N,Y,20,S,0,0,7,S,0,0,7,N,Y,Y,Y,Y,Y,Y,0,3,10,17,20,13,6,0,Y,,N,0,0,0,,,,,,,,BOGO 19.99 to 3 months at $59.99 rate,Y,Y,Y
434,0,0,382,bogo $19.99 and then $60 for 3 months,TJ,5D,2,M,EXBOGOTJ,C,P,N,Y,,N,N,,S,0,0,7,S,0,0,7,N,Y,Y,Y,Y,Y,Y,0,3,10,17,20,13,6,0,Y,,N,0,0,0,,,,,,,,bogo $19.99 and then $60 for 3 months,Y,Y,Y
442,0,1,412,$99 Print & HD for a year,TJ,5D,1,Y,RN0099,C,P,N,Y,,N,N,20,S,0,0,7,S,0,0,7,N,Y,Y,Y,Y,Y,Y,0,3,10,17,20,13,6,0,Y,,N,0,0,0,,,,,,,,The Journal 1 Year,Y,Y,Y
443,0,0,0,2025 Price Inc Fallback Rate $209.99,TJ,5D,12,M,FB12M25,C,P,N,Y,,N,N,,S,0,0,7,S,0,0,7,N,Y,Y,Y,Y,Y,Y,0,3,10,17,20,13,6,0,Y,,N,0,0,0,,,,,,,,NOT FOR PUBLIC,N,Y,Y
446,0,0,0,225 Price Incr Fall Back Rate 199.99,TJ,5D,12,M,FB12M199,C,P,N,Y,,N,N,,S,0,0,7,S,0,0,7,N,Y,Y,Y,Y,Y,Y,0,3,10,17,20,13,6,0,Y,,N,0,0,0,,,,,,,,225 Price Incr Fall Back Rate 199.99,N,N,Y
447,0,0,0,2025 Price INc Fallback Rate $189.99,TJ,5D,12,M,FB12M189,C,P,N,Y,,N,N,,S,0,0,7,S,0,0,7,N,Y,Y,Y,Y,Y,Y,0,3,10,17,20,13,6,0,Y,,N,0,0,0,,,,,,,,NOT FOR PUBLIC,N,Y,Y
448,0,0,0,2025 Price increase Fallback Rate $179.99,TJ,5D,12,M,FB12M179,C,P,N,Y,,N,N,,S,0,0,7,S,0,0,7,N,Y,Y,Y,Y,Y,Y,0,3,10,17,20,13,6,0,Y,,N,0,0,0,,,,,,,,NOT FOR PUBLIC,N,Y,Y
449,0,0,0,2025 Price increase Fallback Rate $169.99,TJ,WA,12,M,FB12169,C,P,N,Y,,N,N,,S,0,0,7,S,0,0,7,N,Y,Y,Y,Y,Y,Y,0,3,14,28,41,21,7,0,Y,THF,I,0,0,0,,,,,,,,NOT FOR PUBLIC,N,Y,Y
450,0,0,0,2025 Price Inc Fallback Rate 109.99,TJ,5D,6,M,FB6M109,C,P,N,Y,,N,N,,S,0,0,7,S,0,0,7,N,Y,Y,Y,Y,Y,Y,0,3,10,17,20,13,6,0,Y,,N,0,0,0,,,,,,,,NOT FOR PUBLIC,N,Y,Y
451,0,0,0,2025 Price Inc Fallback Rate $99.99,TJ,5D,6,M,FB6M99,C,P,N,Y,,N,N,,S,0,0,7,S,0,0,7,N,Y,Y,Y,Y,Y,Y,0,3,10,17,20,13,6,0,Y,,N,0,0,0,,,,,,,,NOT FOR PUBLIC,N,Y,Y
452,0,0,0,2025 Price Inc Fallback Rate $89.99,TJ,5D,6,M,FB6M89,C,P,N,Y,,N,N,,S,0,0,7,S,0,0,7,N,Y,Y,Y,Y,Y,Y,0,3,10,17,20,13,6,0,Y,,N,0,0,0,,,,,,,,NOT FOR PUBLIC,N,Y,Y
453,0,0,0,2025 Price Inc Fallback Rate $18.99,TJ,5D,1,M,FB1M1899,C,P,E,Y,,N,N,,S,0,0,7,S,0,0,7,N,Y,Y,Y,Y,Y,Y,0,3,10,17,20,13,6,0,Y,,N,0,0,0,,,,,,,,NOT FOR PUBLIC,N,Y,Y
454,0,0,0,2025 Price Inc Fallback Rate $17.99,TJ,5D,1,M,FB1M1799,C,P,E,Y,,N,N,,S,0,0,7,S,0,0,7,N,Y,Y,Y,Y,Y,Y,0,3,10,17,20,13,6,0,Y,,N,0,0,0,,,,,,,,NOT FOR PUBLIC,N,Y,Y
455,0,0,0,2025 Price Inc Fallback Rate $16.99,TJ,5D,1,M,FB1M1699,C,P,E,Y,,N,N,,S,0,0,7,S,0,0,7,N,Y,Y,Y,Y,Y,Y,0,3,10,17,20,13,6,0,Y,,N,0,0,0,,,,,,,,NOT FOR PUBLIC,N,Y,Y
456,0,0,0,5 DAY DIGITAL ACCESS WITH 2 DAYS OF DELIVERY,TJ,5D,1,M,KK5DAY,C,P,E,Y,,N,N,20,S,0,0,7,S,0,0,7,N,Y,Y,Y,Y,Y,Y,0,3,10,17,20,13,6,0,Y,,N,0,0,0,,,,,,,,NOT FOR PUBLIC,N,Y,Y
457,0,0,0,2025 Price Inc Fallback Digital $209.99,TJ,5D,12,M,FD12M209,I,P,N,Y,,N,N,,S,0,0,7,S,0,0,7,N,Y,Y,Y,Y,Y,Y,0,3,10,17,20,13,6,0,Y,,N,0,0,0,,,,,,,,NOT FOR PUBLIC,N,Y,Y
458,0,0,0,2025 Price Inc Fallback Digital $199.99,TJ,5D,12,M,FD12M199,I,P,N,Y,,N,N,,S,0,0,7,S,0,0,7,N,Y,Y,Y,Y,Y,Y,0,3,10,17,20,13,6,0,Y,,N,0,0,0,,,,,,,,NOT FOR PUBLIC,N,Y,Y
459,0,0,0,2025 Price Inc Fallback Digital $189.99,TJ,5D,12,M,FD12M189,I,P,N,Y,,N,N,,S,0,0,7,S,0,0,7,N,Y,Y,Y,Y,Y,Y,0,3,10,17,20,13,6,0,Y,,N,0,0,0,,,,,,,,NOT FOR PUBLIC,N,Y,Y
460,0,0,0,2025 Price Inc Fallback Digital $179.99,TJ,5D,12,M,FD12M179,I,P,N,Y,,N,N,,S,0,0,7,S,0,0,7,N,Y,Y,Y,Y,Y,Y,0,3,10,17,20,13,6,0,Y,,N,0,0,0,,,,,,,,NOT FOR PUBLIC,N,Y,Y
461,0,0,0,2025 Price Inc Fallback Digital $169.99,TJ,5D,12,M,FD12M169,I,P,N,Y,,N,N,,S,0,0,7,S,0,0,7,N,Y,Y,Y,Y,Y,Y,0,3,10,17,20,13,6,0,Y,,N,0,0,0,,,,,,,,NOT FOR PUBLIC,N,Y,Y
462,0,0,0,2025 Price Inc Fallback Digital 6M $109.99,TJ,5D,6,M,FD6M109,I,P,N,Y,,N,N,,S,0,0,7,S,0,0,7,N,Y,Y,Y,Y,Y,Y,0,3,10,17,20,13,6,0,Y,,N,0,0,0,,,,,,,,NOT FOR PUBLIC,N,Y,Y
463,0,0,0,2025 Price Inc Fallback Digital 6M $99.99,TJ,5D,6,M,FD6M99,I,P,N,Y,,N,N,,S,0,0,7,S,0,0,7,N,Y,Y,Y,Y,Y,Y,0,3,10,17,20,13,6,0,Y,,N,0,0,0,,,,,,,,NOT FOR PUBLIC,N,Y,Y
464,0,0,0,2025 Price Inc Fallback Digital 6M $89.99,TJ,5D,6,M,FD6M89,I,P,N,Y,,N,N,,S,0,0,7,S,0,0,7,N,Y,Y,Y,Y,Y,Y,0,3,10,17,20,13,6,0,Y,,N,0,0,0,,,,,,,,NOT FOR PUBLI,N,Y,Y
465,0,0,0,2025 Price Inc Fallback Digital 1M $18.99,TJ,5D,1,M,FD1M1899,I,P,E,Y,,N,N,,S,0,0,7,S,0,0,7,N,Y,Y,Y,Y,Y,Y,0,3,10,17,20,13,6,0,Y,,N,0,0,0,,,,,,,,NOT FOR PUBLIC,N,Y,Y
466,0,0,0,2025 Price Inc Fallback Digital 1M $17.99,TJ,5D,1,M,HD1M1799,I,P,E,Y,,N,N,,S,0,0,7,S,0,0,7,N,Y,Y,Y,Y,Y,Y,0,3,10,17,20,13,6,0,Y,,N,0,0,0,,,,,,,,NOT FOR PUBLIC,N,Y,Y
467,0,0,0,2025 Price Inc Fallback Digital 1m $16.99,TJ,5D,1,M,FD1M1699,I,P,E,Y,,N,N,,S,0,0,14,S,0,0,14,N,Y,Y,Y,Y,Y,Y,0,3,10,17,20,13,6,0,Y,,N,0,0,0,,,,,,,,NOT FOR PUBLIC,N,Y,Y
468,0,0,0,2025 Price Inc Fallback Digital 1M $15.99,TJ,5D,1,M,FD1M1599,I,P,E,Y,,N,N,,S,0,0,7,S,0,0,7,N,Y,Y,Y,Y,Y,Y,0,3,10,17,20,13,6,0,Y,,N,0,0,0,,,,,,,,NOT FOR PUBLIC,N,Y,Y
470,0,0,0,12 Months--Out of Tuscola County Rate,TA,WO,12,M,OOC,M,P,N,Y,,Y,N,1,S,0,0,15,S,0,0,10,N,Y,Y,Y,Y,Y,Y,0,3,10,17,20,13,6,14,Y,,N,0,0,0,,,,,,,,12 Months Mail Delivery--Outside of Tuscola County,Y,Y,N
471,0,0,0,12 months--Out of Tuscola County Senior Rate,TA,WO,12,M,14,M,P,N,Y,,Y,N,1,S,0,0,15,S,0,0,10,N,Y,Y,Y,Y,Y,Y,0,3,10,17,20,13,6,14,Y,,N,0,0,0,,,,,,,,12 Months Mail Delivery--Outside of Tuscola County Senior Rate,Y,Y,Y
600,0,0,0,3 MOS. COMP - WESTMINSTER & KEOWEE,TJ,WA,3,M,20,M,CO,N,N,7/22/25,N,N,,S,0,0,7,S,0,0,7,N,Y,Y,Y,Y,Y,Y,0,3,10,17,20,13,6,0,Y,THF,I,42,0,0,,,,,,,,THE JOURNAL 3 MONTH,Y,Y,Y
601,0,0,0,30-Day Free Trial,TJ,WA,4,W,CD01,M,CO,N,N,,N,N,,S,5,0,0,S,0,0,0,N,N,N,N,N,Y,Y,0,0,0,0,0,12,6,0,Y,THF,I,42,0,0,,,,,,,,THE JOURNAL 4 WEEK,N,Y,Y
603,0,1,609,2 Months Free,TJ,WA,2,M,COMP,M,CO,N,Y,,N,N,,S,0,0,0,S,0,0,0,N,N,N,N,N,N,N,0,3,10,17,20,13,6,14,Y,THF,I,42,0,0,,,,,,,,THE JOURNAL 2 MONTH,N,Y,Y
604,0,0,0,2 Week Home Delivery Tues-Sat.,TJ,WA,2,W,SAMP99,M,CO,N,Y,,N,Y,20,S,0,0,1,S,0,0,2,N,N,N,N,N,N,N,0,3,10,17,20,13,6,0,N,THF,I,42,0,0,,,,,,,,THE JOURNAL 2 WEEK,N,Y,Y
605,0,0,0,INTERIM RATE DO NOT USE,TJ,WA,1,M,CD01,M,P,N,N,7/22/25,N,Y,,S,0,0,7,S,0,0,7,N,Y,Y,Y,Y,Y,Y,0,3,10,17,20,13,6,20,N,THF,I,42,0,0,,,,,,,,THE JOURNAL 1 MONTH,N,N,Y
606,109,0,0,3-Month Subscription,TJ,WA,3,M,CD01,M,P,N,N,,N,N,20,S,1,0,7,S,1,0,7,Y,Y,N,N,Y,Y,Y,0,1,14,28,41,10,0,0,N,THF,I,42,0,0,,,,,,,,THE JOURNAL 3 MONTH,N,N,Y
607,107,0,0,6-Month Subscription,TJ,WA,6,M,CD01,M,P,N,N,,N,N,20,S,1,0,7,S,1,0,7,Y,Y,N,N,Y,Y,Y,0,1,14,28,41,10,0,0,N,THF,I,42,0,0,,,,,,,,THE JOURNAL 6 MONTH,N,N,Y
608,0,0,0,Weekly Subscription Rate,TJ,WA,1,W,CD01,M,P,B,N,,N,N,20,S,0,0,0,S,0,0,0,N,N,N,N,Y,Y,Y,0,0,0,17,3,1,0,0,Y,THF,I,42,0,0,,,,,,,,THE JOURNAL 1 WEEK AUTO RENEW,N,Y,Y
609,101,0,0,1 Year Subscription,TJ,WA,1,Y,CD01,M,P,N,Y,,N,N,20,S,1,0,7,S,1,0,7,Y,Y,N,N,Y,Y,Y,0,3,14,28,41,21,7,0,N,THF,I,42,0,0,,,,,,,,THE JOURNAL 1 YEAR,N,Y,Y
610,102,1,644,SPECIAL-CD03,TJ,WA,1,Y,CD02,M,P,N,Y,,N,N,20,S,1,0,7,S,1,0,7,Y,Y,N,N,Y,Y,Y,0,1,14,28,41,10,0,0,N,THF,I,42,0,0,,,,,,,,THE JOURNAL 1 YEAR,N,Y,Y
611,103,1,610,SPECIAL-CD03,TJ,WA,1,Y,CD03,M,P,N,Y,,N,N,20,S,1,0,7,S,1,0,7,Y,Y,N,N,Y,Y,Y,0,1,14,28,41,10,0,0,N,THF,I,42,0,0,,,,,,,,THE JOURNAL 1 YEAR,N,Y,Y
612,0,0,0,3 MONTH ADJUSTED DO NOT USE,TJ,WA,3,M,CD04,M,P,N,N,7/22/25,N,N,,S,0,0,7,S,0,0,7,N,Y,Y,Y,Y,Y,Y,0,3,10,17,20,13,6,0,Y,THF,I,42,0,0,,,,,,,,THE JOURNAL 3 MONTH,Y,Y,Y
613,104,1,611,SPECIAL-CD04,TJ,WA,1,Y,CD04,M,P,N,Y,,N,N,20,S,1,0,7,S,1,0,7,Y,Y,N,N,Y,Y,Y,0,1,14,28,41,10,0,0,N,THF,I,42,0,0,,,,,,,,THE JOURNAL 1 YEAR,N,Y,Y
614,105,1,613,SPECIAL-CD05,TJ,WA,1,Y,CD05,M,P,N,Y,,N,N,20,S,1,0,7,S,1,0,7,Y,Y,N,N,Y,Y,Y,0,1,14,28,41,10,0,0,N,THF,I,42,0,0,,,,,,,,THE JOURNAL 1 YEAR,N,Y,Y
615,110,0,0,3 MO CARRIER DEL,TJ,WA,3,M,CD10,M,P,N,N,7/22/25,N,N,20,S,1,0,7,S,1,0,7,Y,Y,N,N,Y,Y,Y,0,1,14,28,41,10,0,0,N,THF,I,42,0,0,,,,,,,,THE JOURNAL 3 MONTH,N,Y,Y
616,111,0,0,3 MO CARRIER,TJ,WA,3,M,CD11,M,P,N,N,7/22/25,N,N,20,S,1,0,7,S,1,0,7,Y,Y,N,N,Y,Y,Y,0,1,14,28,41,10,0,0,N,THF,I,42,0,0,,,,,,,,THE JOURNAL 3 MONTH,N,Y,Y
617,112,0,0,3 MO ONLINE-CD12,TJ,WA,3,M,CD12,M,P,N,N,7/22/25,N,N,20,S,1,0,7,S,1,0,7,Y,Y,N,N,Y,Y,Y,0,1,14,28,41,10,0,0,N,THF,I,42,0,0,,,,,,,,THE JOURNAL 3 MONTH,N,Y,Y
618,113,0,0,1-Month Subscription,TJ,WA,1,M,CD13,M,P,E,Y,,N,N,20,S,1,0,14,S,1,0,14,Y,Y,N,N,Y,Y,Y,0,1,14,28,41,10,0,0,N,THF,I,42,0,0,,,,,,,,THE JOURNAL 1 MONTH,N,Y,Y
619,114,0,0,EZPAY Subscription CASH,TJ,WA,1,M,CD14,M,P,E,Y,,N,N,20,S,1,0,7,S,1,0,14,Y,N,N,N,N,N,N,0,1,14,28,41,10,0,0,N,THF,I,42,15,15,,,,,,,,THE JOURNAL 1 MONTH AUTO RENEW,N,Y,Y
620,115,0,0,PAYPAL CARRIER DELIVERED,TJ,WA,1,M,CD15,M,P,N,Y,,N,N,20,S,1,0,7,S,1,0,7,Y,Y,N,N,Y,Y,Y,0,1,14,28,41,10,0,0,N,THF,I,42,0,0,,,,,,,,THE JOURNAL 1 MONTH,N,Y,Y
621,116,0,0,PAYPAL CARRIER DELIVERED,TJ,WA,1,M,CD16,M,P,N,N,,N,N,20,S,1,0,7,S,1,0,7,Y,Y,N,N,Y,Y,Y,0,1,14,28,41,10,0,0,N,THF,I,42,0,0,,,,,,,,THE JOURNAL 1 MONTH,N,Y,Y
622,0,0,0,EZ PAY 19.99,TJ,WA,1,M,CR0099,M,P,E,Y,,N,Y,20,S,0,0,14,S,0,0,14,N,Y,Y,Y,Y,Y,Y,0,3,10,17,20,13,6,0,N,THF,I,42,0,0,,,,,,,,THE JOURNAL 1 MONTH AUTO RENEW,N,Y,Y
623,0,0,0,3 MONTHS,TJ,WA,3,M,CR0099,M,P,N,Y,,N,Y,20,S,0,0,7,S,0,0,7,N,Y,Y,Y,Y,Y,Y,0,3,10,17,20,13,6,0,N,THF,I,42,0,0,,,,,,,,THE JOURNAL 3 MONTH,N,Y,Y
624,0,0,0,6 MONTH 99.99,TJ,WA,6,M,CR0099,M,P,N,Y,,N,Y,20,S,0,0,7,S,0,0,7,N,Y,Y,Y,Y,Y,Y,0,3,10,17,20,13,6,0,N,THF,I,42,0,0,,,,,,,,THE JOURNAL 6 MONTH,N,Y,Y
625,0,0,0,Print and Digital 1 year for $189.99,TJ,WA,12,M,CR0099,M,P,N,Y,,N,Y,20,S,0,0,25,S,0,0,7,N,Y,Y,Y,Y,Y,Y,0,3,10,17,20,13,6,0,N,THF,I,42,0,0,,,,,,,,THE JOURNAL 12 MONTH,N,Y,Y
626,119,0,0,EMPLOYEE 1 YR,TJ,WA,1,Y,EP03,M,P,N,Y,,N,N,20,S,1,0,7,S,1,0,7,Y,Y,N,N,Y,Y,Y,0,1,14,28,41,10,0,0,N,THF,I,42,0,0,,,,,,,,THE JOURNAL 1 YEAR,N,Y,Y
627,0,0,622,BOGO for $19.99/2 months. Steps to $19.99/month.,TJ,WA,2,M,EZBOGO20,M,P,N,N,,N,Y,20,S,0,0,7,S,0,0,7,N,Y,Y,Y,Y,Y,Y,0,3,10,15,20,15,6,0,N,THF,I,42,0,0,,,,,,,,THE JOURNAL 2 MONTH AUTO RENEW,Y,Y,Y
628,0,1,622,Buy One Get One Free 1month EZ Pay,TJ,WA,2,M,EZBOGOTJ,M,P,E,N,,N,Y,,S,1,0,7,S,1,0,7,N,N,N,N,N,N,N,0,3,10,17,20,13,6,10,N,THF,I,42,0,0,,,,,,,,THE JOURNAL 2 MONTH AUTO RENEW,N,Y,Y
629,0,0,0,2025 Rate $169.99,TJ,WA,12,M,FB12169,M,P,N,Y,,N,N,,S,0,0,7,S,0,0,7,N,Y,Y,Y,Y,Y,Y,0,3,14,28,41,21,7,0,Y,THF,I,42,0,0,,,,,,,,1 year full access,N,Y,Y
630,0,0,0,2025 Price increase Fallback Rate $179.99,TJ,WA,12,M,FB12M179,M,P,N,Y,,N,N,,S,0,0,7,S,0,0,7,N,Y,Y,Y,Y,Y,Y,0,3,10,17,20,13,6,0,Y,THF,I,42,0,0,,,,,,,,NOT FOR PUBLIC,N,Y,Y
631,0,0,0,2025 Price INc Fallback Rate $189.99,TJ,WA,12,M,FB12M189,M,P,N,Y,,N,N,,S,0,0,7,S,0,0,7,N,Y,Y,Y,Y,Y,Y,0,3,10,17,20,13,6,0,N,THF,I,42,0,0,,,,,,,,NOT FOR PUBLIC,N,Y,Y
632,0,0,0,225 Price Incr Fall Back Rate 199.99,TJ,WA,12,M,FB12M199,M,P,N,Y,,N,N,,S,0,0,7,S,0,0,7,N,Y,Y,Y,Y,Y,Y,0,3,10,17,20,13,6,0,Y,THF,I,42,0,0,,,,,,,,225 Price Incr Fall Back Rate 199.99,N,N,Y
633,0,0,0,2025 Price Inc Fallback Rate $209.99,TJ,WA,12,M,FB12M25,M,P,N,Y,,N,N,,S,0,0,7,S,0,0,7,N,Y,Y,Y,Y,Y,Y,0,3,10,17,20,13,6,0,Y,THF,I,42,0,0,,,,,,,,NOT FOR PUBLIC,N,Y,Y
634,0,0,0,1M Keowee Key Home Delivery with Digital Accses,TJ,5D,1,M,KK5DAY,M,P,E,N,,N,N,20,S,0,0,7,S,0,0,7,N,Y,Y,Y,Y,Y,Y,0,3,10,17,20,13,6,0,Y,THF,I,42,0,0,,,,,,,,NOT FOR PUBLIC,N,Y,Y
635,0,0,0,2025 Price Inc Fallback Rate $14.99,TJ,WA,1,M,FB1M1499,M,P,E,Y,,N,N,,S,0,0,14,S,0,0,14,N,Y,Y,Y,Y,Y,Y,0,3,10,17,20,13,6,0,Y,THF,I,42,0,0,,,,,,,,NOT FOR PUBLIC,N,Y,Y
636,0,0,0,2025 Price Inc Fallback Rate $13.99,TJ,WA,1,M,FB1M1399,M,P,E,Y,,N,N,,S,0,0,14,S,0,0,14,N,Y,Y,Y,Y,Y,Y,0,3,10,17,20,13,6,0,Y,THF,I,42,0,0,,,,,,,,NOT FOR PUBLIC,N,Y,Y
637,0,0,0,2025 Price Inc Fallback Rate $12.99,TJ,WA,1,M,FB1M1299,M,P,E,Y,,N,N,,S,0,0,14,S,0,0,14,N,Y,Y,Y,Y,Y,Y,0,3,10,17,20,13,6,0,Y,THF,I,42,0,0,,,,,,,,NOT FOR PUBLIC,N,Y,Y
638,0,0,0,2025 Price Inc Fallback Rate 109.99,TJ,WA,6,M,FB6M109,M,P,N,Y,,N,N,,S,0,0,7,S,0,0,7,N,Y,Y,Y,Y,Y,Y,0,3,10,17,20,13,6,0,Y,THF,I,42,0,0,,,,,,,,NOT FOR PUBLIC,N,Y,Y
639,0,0,0,6M Keowee Key Home Delivery with Digital Accses,TJ,5D,6,M,KK5DAY,M,P,N,N,,N,N,20,S,0,0,7,S,0,0,7,N,N,N,N,Y,Y,N,0,,0,,21,10,0,0,Y,THF,I,42,0,0,,,,,,,,NOT FOR PUBLIC,N,Y,Y
640,0,0,0,2025 Price Inc Fallback Rate $99.99,TJ,WA,6,M,FB6M99,M,P,N,Y,,N,N,,S,0,0,7,S,0,0,7,N,Y,Y,Y,Y,Y,Y,0,3,10,17,20,13,6,0,Y,THF,I,42,0,0,,,,,,,,NOT FOR PUBLIC,N,Y,Y
641,0,0,0,5 DAYS OF DIGITAL WITH 2 DAYS IN MAIL,TJ,WA,1,M,MAILDG,M,P,E,Y,,Y,Y,20,S,0,0,7,S,0,0,14,N,Y,Y,Y,Y,Y,Y,0,3,10,17,20,13,6,0,N,THF,I,42,0,0,,,,,,,,THE JOURNAL 1 MONTH AUTO RENEW,N,Y,Y
642,0,0,0,5 DAYS OF DIGITAL WITH 2 DAYS IN MAIL,TJ,WA,3,M,MAILDG,M,P,N,Y,,Y,Y,20,S,0,0,7,S,0,0,7,N,N,N,N,Y,Y,N,0,0,0,0,16,8,0,0,N,THF,I,42,0,0,,,,,,,,THE JOURNAL 3 MONTH,N,Y,Y
643,0,0,0,5 DAYS OF DIGITAL WITH 2 DAYS IN MAIL,TJ,WA,6,M,MAILDG,M,P,N,Y,,Y,Y,20,S,0,0,7,S,0,0,7,N,N,N,N,Y,Y,N,0,0,0,0,21,10,0,0,N,THF,I,42,0,0,,,,,,,,THE JOURNAL 6 MONTH,N,Y,Y
644,0,0,0,5 DAYS OF DIGITAL WITH 2 DAYS IN MAIL,TJ,WA,12,M,MAILDG,M,P,N,Y,,Y,N,20,S,0,0,7,S,0,0,7,N,N,N,N,Y,Y,N,0,0,0,0,30,10,0,0,N,THF,I,42,0,0,,,,,,,,THE JOURNAL 12 MONTH,N,Y,Y
645,0,1,644,$99 Print & HD for a year,TJ,WA,1,Y,RN0099,M,P,N,Y,,N,N,20,S,0,0,7,S,0,0,7,N,Y,Y,Y,Y,Y,Y,0,3,10,17,20,13,6,0,Y,THF,I,42,0,0,,,,,,,,The Journal 1 Year,Y,Y,Y
682,0,0,0,1 YR COMPLIMENTARY - MAIL DELIVERED,TJ,WA,1,Y,COMP,M,CO,N,Y,,N,Y,60,S,0,0,0,S,0,0,0,N,N,N,N,N,N,N,0,0,0,0,0,0,0,0,N,THF,I,42,0,0,,,,,,,,THE JOURNAL 1 YEAR,N,Y,Y
683,0,0,0,EZ PAY MAIL *DO NOT USE,TJ,WA,0,M,34,M,P,N,N,7/22/25,N,N,,S,0,0,20,S,0,0,7,N,Y,Y,Y,Y,Y,Y,0,3,10,17,20,13,6,34,Y,THF,I,42,0,0,,,,,,,,THE JOURNAL 1 MONTH,N,Y,Y
685,0,0,0,1 year mail print and digital,TJ,WA,12,M,MAIL99,M,P,N,Y,,N,Y,,S,0,0,20,S,0,0,7,N,Y,Y,Y,Y,Y,Y,0,3,10,17,20,13,6,0,N,THF,I,42,0,0,,,,,,,,THE JOURNAL 12 MONTH,N,Y,Y
686,121,0,0,MAIL . IN COUNTY,TJ,WA,3,M,PO01,M,P,N,Y,,N,Y,20,S,0,0,0,S,0,0,0,Y,Y,N,N,Y,Y,Y,0,1,14,28,41,10,0,0,N,THF,I,42,0,0,,,,,,,,THE JOURNAL 3 MONTH,N,Y,Y
687,123,0,0,MAIL . IN COUNTY,TJ,WA,6,M,PO01,M,P,N,Y,,N,Y,20,S,1,0,0,S,1,0,0,Y,Y,N,N,Y,Y,Y,0,1,14,28,41,10,0,0,N,THF,I,42,0,0,,,,,,,,THE JOURNAL 6 MONTH,N,Y,Y
688,125,0,0,MAIL . IN COUNTY,TJ,WA,1,Y,PO01,M,P,N,Y,,N,Y,20,S,1,0,0,S,1,0,0,Y,Y,N,N,Y,Y,Y,0,1,14,28,41,10,0,0,N,THF,I,42,0,0,,,,,,,,THE JOURNAL 1 YEAR,N,Y,Y
689,122,0,0,MAIL . OUT COUNTY,TJ,WA,3,M,PO02,M,P,N,Y,,N,Y,20,S,1,0,0,S,1,0,0,Y,Y,N,N,Y,Y,Y,0,1,14,28,41,10,0,0,N,THF,I,42,0,0,,,,,,,,THE JOURNAL 3 MONTH,N,Y,Y
690,126,0,0,MAIL . OUT COUNTY,TJ,WA,1,Y,PO06,M,P,N,Y,,N,Y,20,S,1,0,0,S,1,0,0,Y,Y,N,N,Y,Y,Y,0,1,14,28,41,10,0,0,N,THF,I,42,0,0,,,,,,,,THE JOURNAL 1 YEAR,N,Y,Y
692,0,0,0,1M $9.99 FB Rate,TJ,5D,1,M,INTERIM,C,P,E,Y,,N,N,,S,0,0,7,S,0,0,7,N,Y,Y,Y,Y,Y,Y,0,3,10,17,20,13,6,0,Y,,N,0,0,0,,,,,,,,NEVER ONLINE,Y,Y,Y
693,0,0,0,WED AND SAT EDITIONS ONLY,TJ,WA,1,M,PRNTONLY,M,P,E,Y,,N,N,,S,0,0,14,S,0,0,14,N,Y,Y,Y,Y,Y,Y,0,3,10,17,20,13,6,0,Y,THF,I,42,0,0,,,,,,,,NOT FOR PUBLIC - 1M 2 DAY MAIL,Y,Y,Y
694,0,0,0,2025 FALLBACK RATE $11.99,TJ,WA,1,M,FB131199,M,P,E,Y,,N,N,,S,0,0,14,S,0,0,14,N,Y,Y,Y,Y,Y,Y,0,3,10,17,20,13,6,0,Y,,N,0,0,0,,,,,,,,NOT FOR PUBLIC,N,Y,Y
695,0,0,0,2025 fallback Rate $10.99,TJ,WA,1,M,FB1M1099,M,P,E,Y,,N,N,,S,0,0,14,S,0,0,14,N,Y,Y,Y,Y,Y,Y,0,3,10,17,20,13,6,0,Y,THF,I,42,0,0,,,,,,,,NOT FOR PUBLIC,N,Y,Y
696,0,0,0,2025 fallback Rate $9.99,TJ,WA,1,M,FB1M999,M,P,E,Y,,N,N,,S,0,0,14,S,0,0,14,N,Y,Y,Y,Y,Y,Y,0,3,10,17,20,13,6,0,Y,THF,I,42,0,0,,,,,,,,2025 fallback Rate $9.99,N,Y,Y
697,0,0,0,WED AND SAT ONLY,TJ,WA,1,M,KK2DAY,C,P,E,Y,,N,N,20,S,0,0,7,S,0,0,7,N,Y,Y,Y,Y,Y,Y,0,3,10,17,20,13,6,0,Y,THF,I,0,0,0,,,,,,,,NOT FOR PUBLIC,N,Y,Y
698,0,0,0,The Journal 12M $159.99,TJ,WA,12,M,CD01,M,P,N,Y,,N,N,,S,0,0,7,S,0,0,7,N,Y,Y,Y,Y,Y,Y,0,3,14,28,41,21,7,0,Y,,N,0,0,0,,,,,,,,2 days mail delivery with full digital access,N,Y,Y
699,0,1,313,2025 25% DIRECT MAIL OFFER,TR,WS,1,Y,MAIL,M,P,N,N,,N,N,,S,0,0,15,S,0,0,10,N,Y,Y,Y,Y,Y,Y,0,3,10,17,20,13,6,0,Y,,N,0,0,0,,,,,,,,2025 25% DIRECT MAIL OFFER,Y,Y,Y
700,0,1,338,2025 25% DIRECT MAIL OFFER,LJ,WS,52,W,MAIL,M,P,N,Y,,N,N,LJ01,S,0,0,15,S,0,0,10,N,Y,Y,Y,Y,Y,Y,0,3,10,17,20,13,6,0,Y,,N,0,0,0,,,,,,,,2025 25% DIRECT MAIL OFFER,Y,Y,Y
701,0,0,0,WED AND SAT EDITIONS ONLY,TJ,WA,12,M,PRNTONLY,M,P,N,Y,,N,N,,S,0,0,7,S,0,0,7,N,N,N,N,Y,Y,N,0,,,,30,10,,14,Y,THF,I,42,0,0,,,,,,,,NOT FOR PUBLIC - 12M 2 DAY MAIL,N,Y,Y
702,0,0,0,2025 Price Inc Fallback Rate $139.99,TJ,WA,12,M,FB12M139,C,P,N,Y,,N,N,,S,0,0,7,S,0,0,7,N,Y,Y,Y,Y,Y,Y,0,3,10,17,20,13,6,0,Y,THF,I,42,0,0,,,,,,,,NOT FOR PUBLIC,N,Y,Y
703,0,0,0,2025 FALLBACK RATE $149.99,TJ,WA,12,M,FB12M149,M,P,N,Y,,N,N,,S,0,0,7,S,0,0,7,N,Y,Y,Y,Y,Y,Y,0,3,10,17,20,13,6,14,Y,,N,0,0,0,,,,,,,,NOT FOR PUBLIC,Y,Y,Y
704,0,0,0,WED AND SAT EDITIONS ONLY,TJ,WA,6,M,PRNTONLY,M,P,N,Y,,N,N,,S,0,0,7,S,0,0,7,N,N,N,N,Y,Y,N,0,,,,21,10,,14,Y,THF,I,42,0,0,,,,,,,,NOT FOR PUBLIC - 6M 2 DAY MAIL,N,Y,Y
705,0,0,0,2025 3M WA Fallback Rate,TJ,WA,3,M,FB3M45,M,P,N,N,,N,N,,S,0,0,7,S,0,0,7,N,Y,Y,Y,Y,Y,Y,0,3,10,17,20,13,6,14,Y,,N,0,0,0,,,,,,,,not for public,N,Y,Y
706,0,0,0,Digital Only 1M $9.99,TJ,5D,1,M,DIGI999,I,P,E,Y,,N,N,,S,0,0,7,S,0,0,7,N,Y,Y,Y,Y,Y,Y,0,3,10,17,20,13,6,0,Y,,N,0,0,0,,,,,,,,not for public,N,Y,Y
707,0,0,0,Digital Only 1M $11.99,TJ,5D,1,M,DIGI1199,I,P,E,Y,,N,N,20,S,0,0,7,S,0,0,7,N,Y,Y,Y,Y,Y,Y,0,3,10,17,20,13,6,0,Y,,N,0,0,0,,,,,,,,not for public,N,Y,Y
708,0,0,0,2025 12M Fallback Digital Rate,TJ,5D,12,M,DIGI129,I,P,N,Y,,N,N,,S,0,0,7,S,0,0,7,N,Y,Y,Y,Y,Y,Y,0,3,10,17,20,13,6,42,Y,,N,0,0,0,,,,,,,,2025 12M Fallback Digital Rate,N,Y,Y
709,0,0,0,$99 Annual digital rate,TJ,5D,12,M,DIGI99,I,P,N,Y,,N,N,,S,0,0,7,S,0,0,7,N,Y,Y,Y,Y,Y,Y,0,3,10,17,20,13,6,42,Y,,N,0,0,0,,,,,,,,NOT FOR PUBLIC,N,Y,Y
710,0,0,0,OUT OF COUNTY 6M MAIL,TJ,WA,6,M,OOC25,M,P,N,Y,,N,N,,S,0,0,7,S,0,0,7,N,Y,Y,Y,Y,Y,Y,0,3,10,17,20,13,6,34,Y,,N,0,0,0,,,,,,,,6 MONTHS OUT OF COUNTY MAIL DELIVERY,N,Y,Y
711,0,0,0,OUT OF COUNTY 3M MAIL,TJ,WA,3,M,OOC25,M,P,N,Y,,N,N,,S,0,0,7,S,0,0,7,N,Y,Y,Y,Y,Y,Y,0,3,10,17,20,13,6,0,Y,,N,0,0,0,,,,,,,,"OUT OF COUNTY MAIL, 3 MONTHS FOR $65.99",N,Y,Y
712,0,0,0,WED AND SAT EDITIONS ONLY,TJ,WA,3,M,PRNTONLY,M,P,N,Y,,N,N,,S,0,0,7,S,0,0,7,N,N,N,N,Y,Y,N,0,,,,16,8,,14,Y,,N,0,0,0,,,,,,,,NOT FOR PUBLIC - 3M 2 DAY MAIL,N,Y,Y
713,0,0,313,25% OFF JAN 2025 PROMO,TR,WS,12,M,MAIL,M,P,N,Y,,N,N,TR01,S,0,0,15,S,0,0,10,N,Y,Y,Y,Y,Y,Y,0,3,10,17,20,13,6,0,Y,,N,0,0,0,,,,,,,,25% OFF JAN 2025 PROMO,Y,Y,Y
714,0,0,0,WED AND SAT ONLY,TJ,WA,3,M,KK2DAY,C,P,N,Y,,N,N,20,S,0,0,7,S,0,0,7,N,N,N,N,Y,Y,N,0,,,,16,8,,20,Y,THF,I,42,0,0,,,,,,,,Not for Public,N,Y,Y
715,0,0,0,3 Month Keowee Key $44.99,TJ,WA,3,M,KK3M45,C,P,N,Y,,N,N,,S,0,0,7,S,0,0,7,N,Y,Y,Y,Y,Y,Y,0,3,10,17,20,13,6,0,Y,,I,0,0,0,,,,,,,,not for public,N,Y,Y
716,0,0,0,Keowee Key 3M HD 49.99,TJ,WA,3,M,KK3M50,C,P,N,Y,,N,N,,S,0,0,7,S,0,0,7,N,Y,Y,Y,Y,Y,Y,0,3,10,17,20,13,6,20,Y,,N,0,0,0,,,,,,,,Keowee Key 3M HD 49.99,N,Y,Y
717,0,0,0,Keowee Key 1M HD 14.99,TJ,WA,1,M,KK1M15,C,P,E,Y,,N,N,,S,0,0,7,S,0,0,7,N,Y,Y,Y,Y,Y,Y,0,3,10,17,20,13,6,10,Y,,N,0,0,0,,,,,,,,not for public,N,Y,Y
718,0,0,0,Keowee Key 1M HD 13.99,TJ,WA,1,M,KK12M14,C,P,E,Y,,N,N,,S,0,0,7,S,0,0,7,N,Y,Y,Y,Y,Y,Y,0,3,10,17,20,13,6,10,Y,,N,0,0,0,,,,,,,,Keowee Key 1M HD 13.99,N,Y,Y
719,0,0,0,Keowee Key HD 1M 12.99,TJ,WA,1,M,KK1M13,C,P,E,Y,,N,N,,S,0,0,7,S,0,0,7,N,Y,Y,Y,Y,Y,Y,0,3,10,17,20,13,6,20,Y,,N,0,0,0,,,,,,,,NOT FOR PUBLIC,N,Y,Y
720,0,0,0,WED AND SAT ONLY,TJ,WA,6,M,KK2DAY,C,P,N,Y,,N,N,20,S,0,0,7,S,0,0,7,N,N,N,N,Y,Y,N,0,,,,21,10,0,20,N,,N,0,0,0,,,,,,,,Not for Public,Y,Y,Y
721,0,0,0,WED AND SAT ONLY,TJ,WA,12,M,KK2DAY,C,P,N,Y,,N,N,20,S,0,0,7,S,0,0,7,N,N,N,N,Y,Y,N,0,,,,30,10,,20,Y,,N,0,0,0,,,,,,,,Not for Public,N,Y,Y
722,0,0,0,Hal's 6M Special,TJ,WA,6,M,HAL406M,M,P,N,Y,,N,N,,S,0,0,7,S,0,0,7,N,Y,Y,Y,Y,Y,Y,0,3,10,17,20,13,6,14,Y,,N,0,0,0,,,,,,,,NOT FOR ONLINE,Y,Y,Y
723,0,0,0,Ranger Online Only,TR,WA,52,W,ONLINE,I,P,N,Y,,N,N,,S,0,0,15,S,0,0,10,N,Y,Y,Y,Y,Y,Y,0,3,10,17,20,13,6,0,Y,,N,0,0,0,,,,,,,,Ranger Online Only,Y,Y,Y
724,0,0,0,LANDER JOURNAL DIGITAL ONLY,LJ,WA,52,W,DIGITAL,I,P,N,Y,,N,N,LJ01,S,0,0,15,S,0,0,10,N,Y,Y,Y,Y,Y,Y,0,3,10,17,20,13,6,97,Y,,N,0,0,0,,,,,,,,LJ DIGITAL,Y,Y,Y
725,0,0,0,USE FOR 1M CASH PAYMENT ONLY,TJ,5D,1,M,1MCASH,M,P,N,Y,,N,N,,S,0,0,14,S,0,0,14,N,Y,Y,Y,Y,Y,Y,0,3,10,17,20,13,6,0,Y,,N,0,0,0,,,,,,,,,Y,Y,Y
726,0,0,0,USE FOR 1M CASH FOR 2 DAYS ONLY!,TJ,WA,1,M,1MCASH2D,M,P,N,Y,,N,N,,S,0,0,7,S,0,0,7,N,Y,Y,Y,Y,Y,Y,0,3,10,17,20,13,6,0,Y,,N,0,0,0,,,,,,,,USE FOR 1M CASH FOR 2 DAYS ONLY!,Y,Y,Y
736,0,0,0,5 DAY DIGITAL ACCESS WITH 2 DAYS OF DELIVERY,TJ,5D,3,M,KK5DAY,C,P,N,Y,,N,N,,S,0,0,7,S,0,0,7,N,N,N,N,Y,Y,N,0,,,,16,8,,0,Y,,N,0,0,0,,,,,,,,,Y,Y,Y
737,0,0,0,5 DAY DIGITAL ACCESS WITH 2 DAYS OF DELIVERY,TJ,5D,12,M,KK5DAY,C,P,N,Y,,N,N,20,S,0,0,7,S,0,0,7,N,N,N,N,Y,Y,N,0,3,10,17,30,10,0,0,Y,,N,0,0,0,,,,,,,,12M Keowee Key Home Delivery with Digital Accses,Y,Y,Y
746,0,0,688,1 Year Special - TJ,TJ,WA,52,W,MAIL,M,P,N,Y,,N,N,,S,0,0,7,S,0,0,10,N,Y,Y,Y,Y,Y,Y,0,3,10,17,20,13,6,0,Y,,N,0,0,0,,,,,,,,1 Year Special - TJ,Y,Y,N
747,0,1,338,LJ 52W Stay & Save - 1 month free,LJ,WS,1,M,MAIL,M,CO,N,Y,,N,N,,S,0,0,15,S,0,0,10,N,Y,Y,Y,Y,Y,Y,0,3,10,17,20,13,6,0,Y,,N,0,0,0,,,,,,,,LJ 52W Stay & Save - 1 month free,Y,Y,Y
748,0,2,337,LJ 26W Stay & Save - 1 month free,LJ,WS,1,M,MAIL,M,CO,N,Y,,N,N,,S,0,0,15,S,0,0,10,N,Y,Y,Y,Y,Y,Y,0,3,10,17,20,13,6,0,Y,,N,0,0,0,,,,,,,,LJ 26W Stay & Save - 1 month free,Y,Y,Y
749,0,1,338,LANDER JOURNAL 52W Stay & Save - 1 free month,LJ,WS,1,M,SOFF1,M,CO,N,Y,,Y,N,,S,0,0,15,S,0,0,10,N,Y,Y,Y,Y,Y,Y,0,3,10,17,20,13,6,0,Y,,N,0,0,0,,,,,,,,LANDER JOURNAL 52W Stay & Save - 1 free month,Y,Y,Y
750,0,1,337,LANDER JOURNAL 26W Stay & Save - 1 free month,LJ,WS,1,M,SOFF2,M,CO,N,Y,,Y,N,,S,0,0,15,S,0,0,10,N,Y,Y,Y,Y,Y,Y,0,3,10,17,20,13,6,0,Y,,N,0,0,0,,,,,,,,LANDER JOURNAL 26W Stay & Save - 1 free month,Y,Y,Y
751,0,1,313,THE RANGER - 52W -STAY & SAVE - 1 MONTH FREE,TR,WS,1,M,SOFF3,M,CO,N,Y,,Y,N,,S,0,0,0,S,0,0,0,N,N,N,N,N,N,N,0,,,,,,,0,Y,,N,0,0,0,,,,,,,,THE RANGER - 52W -STAY & SAVE - 1 MONTH FREE,Y,Y,Y
752,0,1,312,THE RANGER - 26W -STAY & SAVE - 1 MONTH FREE,TR,WS,1,M,SOFF4,M,CO,N,Y,,Y,N,,S,0,0,0,S,0,0,0,N,N,N,N,N,N,N,0,,,,,,,0,Y,,N,0,0,0,,,,,,,,THE RANGER - 26W -STAY & SAVE - 1 MONTH FREE,Y,Y,Y
753,0,1,216,ADVERTISER - 52W -STAY & SAVE - 1M FREE - MAIL,TA,WO,1,M,SOFF5,M,CO,N,Y,,Y,N,,S,0,0,0,S,0,0,0,N,N,N,N,N,N,N,0,,,,,,,0,Y,,N,0,0,0,,,,,,,,ADVERTISER - 52W -STAY & SAVE - 1M FREE - MAIL,Y,Y,Y
754,0,1,217,ADVERTISER - 6M -STAY & SAVE - 1M FREE - MAIL,TA,WO,1,M,SOFF6,M,CO,N,Y,,Y,N,,S,0,0,0,S,0,0,0,N,N,N,N,N,N,N,0,,,,,,,0,Y,,N,0,0,0,,,,,,,,ADVERTISER - 6M -STAY & SAVE - 1M FREE - MAIL,Y,Y,Y
755,0,1,218,ADVERTISER - 3M -STAY & SAVE - 1M FREE - MAIL,TA,WO,1,M,SOFF7,M,CO,N,Y,,Y,N,,S,0,0,0,S,0,0,0,N,N,N,N,N,N,N,0,,,,,,,0,Y,,N,0,0,0,,,,,,,,ADVERTISER - 3M -STAY & SAVE - 1M FREE - MAIL,Y,Y,Y
756,0,1,471,ADVERTISER - 12M -Out of County SR Rate - STAY & SAVE -1M FREE,TA,WO,1,M,SOFF8,M,CO,N,Y,,Y,N,,S,0,0,0,S,0,0,0,N,N,N,N,N,N,N,0,,,,,,6,0,Y,,N,0,0,0,,,,,,,,ADVERTISER - 12M -Out of County SR Rate - STAY & SAVE -1M FREE,Y,Y,Y
757,0,1,470,ADVERTISER - 12m -Out of County - STAY & SAVE -1M FREE,TA,WO,1,M,SOFF9,M,CO,N,Y,,Y,N,,S,0,0,0,S,0,0,0,N,N,N,N,N,N,N,0,,,,,,,0,Y,,N,0,0,0,,,,,,,,ADVERTISER - 12m -Out of County - STAY & SAVE -1M FREE,Y,Y,Y
758,0,1,222,ADVERTISER - 12m - SR - STAY & SAVE -1M FREE,TA,WO,1,M,SOFF10,M,CO,N,Y,,Y,N,,S,0,0,0,S,0,0,0,N,N,N,N,N,N,N,0,,,,,,,0,Y,,N,0,0,0,,,,,,,,ADVERTISER - 12m - SR - STAY & SAVE -1M FREE,Y,Y,Y
759,0,1,221,ADVERTISER - 12m -DIGITAL - STAY & SAVE -1M FREE,TA,WO,1,M,SOFF11,I,CO,N,Y,,Y,N,,S,0,0,0,S,0,0,0,N,N,N,N,N,N,N,0,,,,,,,0,Y,,N,0,0,0,,,,,,,,ADVERTISER - 12m -DIGITAL - STAY & SAVE -1M FREE,Y,Y,Y
760,0,1,619,JOURNAL EZPAY RECURRING - STAY & SAVE - 1M FREE,TJ,WA,1,M,SOFF12,M,CO,N,Y,,N,N,,S,0,0,0,S,0,0,0,N,N,N,N,N,N,N,0,,,,,,,0,Y,,N,0,0,0,,,,,,,,JOURNAL EZPAY RECURRING - STAY & SAVE - 1M FREE,N,Y,Y
761,0,1,644,JOURNAL 1Y PRINT+DIGITAL - STAY & SAVE - CASH - 1M FREE,TJ,WA,4,W,SOFF13,M,CO,N,Y,,Y,N,,S,0,0,0,S,0,0,0,N,N,N,N,N,N,N,0,,,,,,,0,Y,,N,0,0,0,,,,,,,,JOURNAL 1Y PRINT+DIGITAL - STAY & SAVE - 1M FREE,Y,Y,Y
762,0,1,643,JOURNAL 6M PRINT+DIGITAL - STAY & SAVE - CASH - 1M FREE,TJ,WA,1,M,SOFF14,M,CO,N,Y,,Y,N,,S,0,0,0,S,0,0,0,N,N,N,N,N,N,N,0,0,0,0,0,0,0,0,Y,,N,0,0,0,,,,,,,,JOURNAL 6M PRINT+DIGITAL - STAY & SAVE - 1M FREE,Y,Y,Y
763,0,1,642,JOURNAL 3M PRINT+DIGITAL - STAY & SAVE - CASH - 1M FREE,TJ,WA,1,M,SOFF15,M,CO,N,Y,,Y,N,,S,0,0,0,S,0,0,0,N,N,N,N,N,N,N,0,0,,,,,,0,Y,,N,0,0,0,,,,,,,,JOURNAL 3M PRINT+DIGITAL - STAY & SAVE - 1M FREE,Y,Y,Y
800,0,0,0,1 YR COMPLIMENTARY   - ADVERTISERS - CARRIER DELIVERED,TJ,WA,1,Y,COMP,C,CO,N,Y,,N,N,60,S,0,0,7,S,0,0,7,N,N,N,N,N,N,N,0,0,0,0,0,0,0,0,N,THF,I,42,0,0,,,,,,,,THE JOURNAL 1 YEAR,N,Y,Y
801,0,0,0,INTERIM RATE DO NOT USE,TJ,WA,1,M,CD01,C,P,N,N,7/22/25,N,Y,,S,0,0,7,S,0,0,7,N,Y,Y,Y,Y,Y,Y,0,3,10,17,20,13,6,10,N,THF,I,42,0,0,,,,,,,,THE JOURNAL 1 MONTH,N,N,Y
802,0,0,0,3-Month Subscription,TJ,WA,3,M,CD01,C,P,N,N,,N,N,20,S,1,0,7,S,1,0,7,Y,Y,N,N,Y,Y,Y,0,1,14,28,41,10,0,0,N,THF,I,42,0,0,,,,,,,,THE JOURNAL 3 MONTH,N,Y,Y
803,0,0,0,6-Month Subscription,TJ,WA,6,M,CD01,C,P,N,Y,,N,N,20,S,1,0,7,S,1,0,7,Y,Y,N,N,Y,Y,Y,0,1,14,28,41,10,0,0,N,THF,I,42,0,0,,,,,,,,THE JOURNAL 6 MONTH,N,Y,Y
804,0,0,0,Weekly Subscription Rate,TJ,WA,1,W,CD01,C,P,B,N,,N,N,20,S,0,0,0,S,0,0,0,N,N,N,N,Y,Y,Y,0,0,0,17,3,1,0,0,Y,THF,I,42,0,0,,,,,,,,THE JOURNAL 1 WEEK AUTO RENEW,N,Y,Y
805,0,0,0,1 Year Subscription,TJ,WA,1,Y,CD01,C,P,N,Y,,N,N,20,S,1,0,7,S,1,0,7,Y,Y,N,N,Y,Y,Y,0,3,14,28,41,21,7,0,N,THF,I,42,0,0,,,,,,,,THE JOURNAL 1 YEAR,N,Y,Y
806,0,1,412,SPECIAL-CD03,TJ,WA,1,Y,CD02,C,P,N,Y,,N,N,20,S,1,0,7,S,1,0,7,Y,Y,N,N,Y,Y,Y,0,1,14,28,41,10,0,0,N,THF,I,42,0,0,,,,,,,,THE JOURNAL 1 YEAR,N,Y,Y
807,0,1,102,SPECIAL-CD03,TJ,WA,1,Y,CD03,C,P,N,Y,,N,N,20,S,1,0,7,S,1,0,7,Y,Y,N,N,Y,Y,Y,0,1,14,28,41,10,0,0,N,THF,I,42,0,0,,,,,,,,THE JOURNAL 1 YEAR,N,Y,Y
808,0,0,0,1-Month Subscription,TJ,WA,1,M,CD13,C,P,E,Y,,N,N,20,S,1,0,7,S,1,0,7,Y,Y,N,N,Y,Y,Y,0,1,14,28,41,10,0,0,N,THF,I,42,0,0,,,,,,,,THE JOURNAL 1 MONTH,N,Y,Y
809,0,0,0,EZPAY Subscription,TJ,WA,1,M,CD14,C,P,E,N,,N,N,20,S,1,0,7,S,1,0,14,Y,N,N,N,N,N,N,0,1,14,28,41,10,0,0,N,THF,I,42,15,15,,,,,,,,THE JOURNAL 1 MONTH AUTO RENEW,N,Y,Y
810,0,0,0,EZ PAY 19.99,TJ,WA,1,M,CR0099,C,P,E,N,,N,Y,20,S,0,0,14,S,0,0,14,N,Y,Y,Y,Y,Y,Y,0,3,10,17,20,13,6,0,N,THF,I,42,0,0,,,,,,,,THE JOURNAL 1 MONTH AUTO RENEW,N,Y,Y
811,0,0,0,3 MONTHS,TJ,WA,3,M,CR0099,C,P,N,N,,N,Y,20,S,0,0,7,S,0,0,7,N,Y,Y,Y,Y,Y,Y,0,3,10,17,20,13,6,0,N,THF,I,42,0,0,,,,,,,,THE JOURNAL 3 MONTH,N,Y,Y
812,0,0,0,6 MONTH 99.99,TJ,WA,6,M,CR0099,C,P,N,Y,,N,Y,20,S,0,0,7,S,0,0,7,N,Y,Y,Y,Y,Y,Y,0,3,10,17,20,13,6,0,N,THF,I,42,0,0,,,,,,,,THE JOURNAL 6 MONTH,N,Y,Y
813,0,0,0,Print and Digital 1 year for $189.99,TJ,WA,12,M,CR0099,C,P,N,Y,,N,Y,20,S,0,0,7,S,0,0,7,N,Y,Y,Y,Y,Y,Y,0,3,10,17,20,13,6,0,N,THF,I,42,0,0,,,,,,,,THE JOURNAL 12 MONTH,N,Y,Y
814,0,0,0,1 Month EZ Pay Home Delivery,TJ,WA,1,M,RN0099,C,P,E,N,,N,Y,20,S,0,0,7,S,0,0,7,N,Y,Y,Y,Y,Y,Y,0,3,10,17,20,13,6,0,N,THF,I,42,0,0,,,,,,,,THE JOURNAL 1 MONTH AUTO RENEW,N,Y,Y
815,0,0,0,3 Months Print and Digital,TJ,WA,3,M,RN0099,C,P,N,N,,N,Y,20,S,0,0,7,S,0,0,7,N,Y,Y,Y,Y,Y,Y,0,3,10,17,20,13,6,0,N,THF,I,42,0,0,,,,,,,,THE JOURNAL 3 MONTH,N,Y,Y
816,0,0,0,5 DAY DIGITAL ACCESS WITH 2 DAYS OF DELIVERY,TJ,5D,6,M,KK5DAY,C,P,N,Y,,N,Y,20,S,0,0,7,S,0,0,7,N,N,N,N,Y,Y,N,0,3,10,17,21,10,,0,N,THF,I,42,0,0,,,,,,,,THE JOURNAL 6 MONTH,N,Y,Y
817,0,0,0,1 Year Print and Digital,TJ,WA,12,M,RN0099,C,P,N,Y,,N,N,20,S,0,0,7,S,0,0,7,N,Y,Y,Y,Y,Y,Y,0,3,14,21,41,21,7,0,N,THF,I,42,0,0,,,,,,,,THE JOURNAL 12 MONTH,N,Y,Y
818,0,1,412,$99 Print & HD for a year,TJ,WA,1,Y,RN0099,C,P,N,Y,,N,N,20,S,0,0,7,S,0,0,7,N,Y,Y,Y,Y,Y,Y,0,3,10,17,20,13,6,0,Y,THF,I,42,0,0,,,,,,,,The Journal 1 Year,Y,Y,Y